"GID"	"INC"	"DIS"	"SEV"	"VSK"	"DON"	"HD"
"00H04J3"	27.5248	1.8666	6.0101	20.4575	1.982	175.2537
"00S0063-1"	59.462	6.548	10.9444	24.3208	8.695	166.8148
"00S0211-29-4"	55.2962	9.5905	17.1641	34.5895	12.6833	168.7117
"00S0240-3"	58.1045	12.1502	20.0796	34.002	6.6082	163.8148
"00S0244-23"	36.1379	3.1371	8.0613	37.5698	8.6899	167.262
"00S0249-9"	49.2401	5.7732	11.7335	22.6829	6.6082	165.8148
"00S0251-6"	45.07	4.3132	10.3077	21.2114	5.1581	165.7051
"00S0292-14"	68.3843	10.0084	16.003	39.6717	16.3371	171.9402
"00S0327-18"	49.2057	5.5565	6.4768	28.7749	7.1872	164.262
"01M88"	65.4764	10.0818	16.6281	49.2901	11.3356	173.8102
"01M96"	48.4099	9.3687	16.7955	35.3007	10.6366	169.8102
"01M97"	49.0433	7.2364	14.3067	43.3424	11.3461	167.954
"01M98"	66.9201	24.5403	26.1753	66.3465	12.3232	169.454
"01S0094-65"	56.4511	6.9085	11.9572	32.6271	7.5622	169.4955
"01S0099-8"	57.1338	2.5652	8.0611	21.0251	3.4445	168.1532
"01S0236-6"	53.0274	3.9065	11.3244	26.7605	6.5751	166.1342
"01S0263-29"	69.9406	5.9116	10.2532	24.2829	5.7087	167.134
"01S0335-4-3"	59.0269	8.59	17.0001	30.655	8.2414	161.7143
"01S0377-6"	63.8879	8.6073	13.2013	27.1342	7.7204	167.847
"01S0380-18"	65.7039	9.9399	14.5868	42.8813	9.9176	165.262
"02S0066-13"	55.6415	7.7544	14.8373	33.6753	12.0815	164.7976
"02S0091-9"	60.5368	8.398	12.603	39.0751	12.0328	167.7736
"02S0170-3"	53.9478	6.4098	11.432	26.0208	5.5685	165.4685
"02S0178-1"	58.6282	9.7135	14.7753	28.6319	7.5725	167.6212
"02S0208-22"	53.1782	6.7826	14.9117	27.7465	9.6239	163.9643
"02S0227-6"	55.981	4.3617	9.3881	24.6573	5.9881	165.8032
"03CBWA3-15"	54.499	2.8264	7.4433	18.6166	3.3039	171.1309
"03CBWC-21"	44.0264	1.1535	4.9465	19.9041	3.7702	168.7309
"03S0119-12"	64.5632	13.9953	18.9436	29.8317	8.3973	167.134
"03S0211-3"	58.9105	10.5006	14.8735	29.8461	6.6201	172.525
"03S0352-22"	39.7785	3.5675	8.5743	26.1865	5.0314	167.2798
"04S0196-1"	58.3235	9.355	14.8281	29.9145	5.8911	169.8584
"04S0202-1"	55.9206	6.908	11.6517	36.4619	6.0651	172.3028
"04S0209-4"	57.8269	9.8949	14.5077	33.3672	9.6839	172.9695
"04S0301-3"	57.809	5.1124	9.4423	28.578	6.1979	172.8028
"04V51A0498"	60.0017	6.4902	11.1355	14.4099	3.7678	173.6917
"05MSP5"	35.9974	4.8193	11.3621	18.9686	8.4164	172.4815
"05S0157-4"	43.476	3.2793	5.061	35.5078	9.2379	167.0525
"05S0242-6"	47.528	9.1689	16.4941	34.7362	12.2128	167.2797
"06MSP3"	56.119	13.6292	26.7662	51.6367	10.1579	165.1428
"06S0157-1"	55.081	5.4918	10.3218	28.3687	11.743	169.3525
"06S0327-1"	62.1202	10.8684	17.761	27.5429	5.9498	167.6161
"07S0018-2"	32.8219	3.4393	7.9821	23.912	7.5045	169.3422
"07S0027-3"	51.7245	6.8041	11.358	24.3138	5.9682	171.1756
"07S0068-11"	50.6621	6.5226	11.7667	28.2484	5.5384	173.7344
"07S0184-11"	54.987	15.9224	22.5614	28.2153	11.4964	171.5089
"07S0203-9"	69.3902	24.6664	31.7397	32.081	9.1439	170.6756
"07S0208-27"	46.5673	5.8611	10.2192	36.7258	8.4334	171.9586
"07S0209-29"	49.8443	4.9372	9.3401	22.8463	5.5058	170.8422
"07S0211-23"	46.8202	3.777	7.377	24.2755	5.8452	171.6252
"07S0274-2"	26.8614	1.9925	5.7326	19.4949	4.878	172.2919
"08S0036-19"	36.8382	3.3569	7.6138	24.2615	3.01	170.4586
"08S0094-9"	49.4518	4.4538	7.8946	24.9102	3.7986	172.1252
"08S0303-16"	51.9291	6.4736	11.6178	28.8811	5.4649	175.4011
"08S0339-23"	50.4687	4.9925	9.7037	19.4769	4.1124	172.9011
"08S0341-15"	54.036	9.8186	15.7244	38.7496	12.6655	172.5677
"08S0347-23"	55.2843	9.2595	14.8811	30.2669	9.9886	173.4011
"09FSP3"	11.3932	6.7067	2.2813	25.4033	4.9464	170.3609
"09S0018-2"	47.3589	3.9993	8.7272	21.9992	11.3966	174.921
"09S0054-5"	44.1311	8.2955	15.219	23.4735	9.6444	172.421
"09S0055-1"	56.6098	7.453	12.5767	23.5513	7.7365	174.2543
"09S0084-14"	50.4941	4.2113	8.8153	23.6571	9.0456	177.2543
"09S0118-10"	48.4588	3.9137	8.5299	31.901	13.4902	176.0877
"09S0306-24"	69.9412	17.2875	35.6893	35.8432	13.0468	167.4483
"09S0311-5"	53.5476	13.4958	18.2842	30.4596	7.1704	165.9068
"10EXP13-16"	53.2401	4.922	10.246	28.1439	7.3514	170.735
"10EXP13-24"	52.195	3.0018	7.4238	19.5031	5.2603	169.0683
"10EXP13-44"	51.1286	2.9886	7.5032	26.7849	3.953	168.0794
"10EXP13-87"	52.195	4.1101	9.1053	23.704	5.5484	171.235
"10EXPSW13-19"	53.2401	11.6305	19.2962	27.7441	7.0627	174.635
"10EXPSW13-28"	48.964	4.2808	9.6933	29.0093	4.5257	168.6461
"10EXPSW13-9"	53.2401	11.7643	19.4684	25.863	12.2202	171.0239
"10S0012-16"	47.5181	7.9706	13.5937	25.6689	5.953	165.2568
"10S0068-11"	76.5948	15.6733	31.7571	25.5758	5.3889	167.4945
"10S0068-2"	55.3819	8.7672	15.5096	30.8862	7.0295	166.7216
"10S0093-20"	53.5476	9.9408	15.8933	31.1347	7.5115	165.5568
"10S0158-15"	55.6037	4.6084	7.1542	26.032	7.9415	167.5945
"10S0176-18"	NA	2.6085	3.9612	26.2777	3.6871	166.4714
"11EXP13-105"	47.8484	2.5391	7.1342	26.2806	6.0035	168.9466
"11EXP13-107"	53.6956	5.4939	11.4749	20.1331	4.1218	173.4466
"11EXP13-43"	38.3499	4.0367	9.4126	24.8179	7.6371	169.1133
"11EXP13-65"	56.5193	11.2743	15.2046	33.7601	12.8731	168.6133
"11EXP13-78"	47.8461	3.3309	8.1526	23.0311	5.4484	168.4466
"12-14-147"	31.1345	3.2391	8.0947	22.189	5.5241	170.9837
"12-14-158"	55.4905	6.0229	10.4679	18.7937	7.2897	171.4837
"12-14-172"	33.3637	3.621	7.9387	26.1125	5.8495	169.0671
"12-14-81"	47.8092	4.411	8.4189	17.3413	5.9252	173.567
"12-14-97"	41.8548	6.0585	11.5037	23.5674	7.2716	171.317
"14-13-106"	55.2843	5.4762	9.9518	21.8103	6.2432	172.9011
"14-13-135"	41.5051	2.9509	7.0778	14.3042	2.2303	177.7344
"14-13-14"	52.2535	8.4299	14.2103	26.7892	7.2783	172.7344
"14-13-21"	40.4015	3.4876	8.3211	19.3277	2.3406	174.0677
"14-13-97"	50.06	6.3874	11.4945	24.9608	5.8513	172.4011
"14X111-106-3"	NA	1.9536	4.0328	16.7466	4.5461	170.6469
"16BCS0001"	44.3123	3.2194	11.0916	23.8748	3.9699	163.9002
"17BCS01"	52.5461	7.9976	12.8219	29.0441	6.9133	164.7568
"17BCS02"	39.4711	1.5124	4.8648	14.9996	4.776	168.8968
"17BCS03"	43.3932	2.9897	7.4691	16.5031	3.8646	169.3568
"17BCS04"	41.9654	3.2962	7.53	22.3666	6.3822	164.9168
"18BCS01"	NA	1.1033	1.0961	29.3465	2.4959	164.1022
"18BCS02"	NA	1.5627	2.6761	19.9477	2.5243	168.8714
"18BCS03"	62.9823	10.4675	25.3204	24.7101	4.538	169.3714
"18BCS04"	62.9823	12.3088	28.3043	23.1461	3.1199	171.1637
"18BCS05"	47.6106	5.266	9.52	24.7101	7.6579	170.0252
"21NP005734"	23.8817	4.4576	5.4448	23.0516	2.9716	166.7471
"21NP005739"	58.189	6.9707	9.214	27.4581	5.2767	169.0543
"21NP005744"	48.6861	8.2225	12.0118	33.0796	9.4649	167.4185
"22NP900047"	63.6732	9.6269	16.139	36.0071	8.5722	168.8105
"22NP900048"	63.6732	10.5044	16.8572	30.0073	7.9781	167.9413
"2375"	52.1919	8.874	16.0828	32.1629	8.3271	167.9755
"2398"	83.9278	33.195	58.4504	50.2506	27.2653	171.4419
"3X1-134FA0067"	50.3337	6.3989	11.831	27.7019	6.9267	168.7843
"8601AE3C"	60.5483	23.0047	34.7167	NA	NA	NA
"9023-FMO4C"	78.5421	45.7409	47.5569	55.0771	NA	NA
"9229G-003B"	24.8982	3.0148	8.6807	43.5571	5.751	173.7964
"93B42-AW3C"	70.5532	11.864	11.4629	37.5339	NA	173.5015
"93B42-V2A"	58.5764	7.077	11.1244	18.2629	6.2539	173.3402
"93B43-AH1A"	48.9246	6.8769	14.4916	37.7124	15.7672	176.6789
"93FBB21"	14.9994	1.9154	9.8456	21.8831	8.4811	172.6123
"93FHB_12"	38.8776	2.9337	6.1364	14.3255	NA	NA
"93FHB_21"	NA	1.2982	11.7857	26.0481	NA	NA
"93FHB_37"	38.4834	4.5406	12.6944	27.5806	NA	NA
"94B15-D9D5"	46.419	8.4202	13.0162	21.2142	2.2455	NA
"94B16-S14A5"	47.2993	6.6008	11.3575	40.0608	3.8787	NA
"94FHB_28"	16.4605	1.5862	7.6182	36.8455	NA	NA
"94FHB_34"	44.4817	8.967	16.1635	21.184	NA	NA
"94FHB_55"	64.6663	13.3514	11.9617	20.1567	NA	NA
"94FHB_9"	53.0728	9.0663	12.9417	41.3758	NA	NA
"95NPY1253"	NA	1.0455	9.0475	16.9583	7.9054	NA
"95NPY1255"	38.4005	0.8877	11.6946	16.121	7.1209	NA
"95NPY1350"	27.8316	0.6694	13.3103	22.4795	5.8989	NA
"960404-03"	56.2511	11.1983	18.9316	48.9416	NA	171.4165
"96B32-AN3C"	50.2854	6.2353	15.7759	19.2974	3.0275	168.3108
"96KEY30"	17.3146	4.2862	10.8098	29.0703	9.6099	NA
"96KEY31"	NA	3.2891	10.4012	31.4677	11.4821	NA
"96KEY37"	58.0629	13.467	24.6471	36.5772	12.0144	NA
"96KEY9"	48.4244	9.0833	16.8904	33.8434	8.2635	NA
"96NPY1329"	24.9255	2.6781	10.0199	33.1527	6.1451	166.3456
"96NPY1370"	NA	0.2423	2.8698	17.1757	2.5087	168.1789
"96NPY1375"	29.4207	3.2289	9.231	22.8952	3.2847	166.6123
"96NPY1439"	59.7961	14.9124	17.6478	27.8824	11.4965	171.1789
"96NPY1506"	56.2279	11.6998	18.2737	37.481	24.4981	173.3456
"96S0356-15"	68.0785	25.2173	33.5725	44.4125	NA	169.4165
"96S0404-03"	54.0733	27.6255	35.8397	55.5778	NA	170.4651
"96S0594-1"	52.0661	14.5305	21.9854	53.4838	8.9403	166.663
"96S0594-2"	51.6134	7.9989	14.7195	37.9997	8.403	168.663
"97EPWB12"	58.8808	16.8294	21.5175	32.5317	16.6411	169.8456
"97EPWB16"	44.5344	5.8013	11.8415	25.3828	11.4965	172.5123
"97NPY3209"	71.056	9.1336	8.8406	25.6032	NA	167.8349
"97NPY3263"	60.3934	3.193	3.4422	16.9512	NA	168.1682
"97NPY3294"	73.8753	14.7426	14.0842	35.4201	NA	168.5015
"97NPY3445"	55.1159	3.8761	4.9041	17.7677	NA	169.1682
"97NPY3449"	60.8289	4.5809	5.3621	20.1275	NA	168.5015
"97S0121-2"	66.9425	21.1301	28.3595	45.0341	8.8644	166.9964
"97S0205-1"	57.5969	12.3675	19.291	44.4595	10.6022	167.663
"97S0254-8-1"	50.6475	15.0539	22.0973	30.4295	10.845	174.6623
"9820191-60"	59.9938	19.7149	30.3131	37.6718	11.6877	171.5232
"98B08A59"	38.2829	3.3983	13.6983	22.4179	4.5549	170.7651
"98B08B111"	17.8385	1.0861	9.4882	23.1238	4.3342	171.7651
"98B19N22"	38.7241	3.7225	12.3423	27.703	6.363	169.7651
"98B19S87"	47.6476	6.7013	15.2916	33.285	7.4137	170.7651
"98B19T99"	40.0236	4.8981	15.998	30.7064	7.2444	170.7651
"98EPWBFHB43"	55.5712	5.9057	7.0889	36.3879	NA	174.8349
"98S0018-06"	54.706	12.066	22.9792	40.2997	9.7418	167.7651
"98S0051-1"	52.5294	11.1151	16.671	42.0663	NA	171.1318
"98S0051-1-14"	76.9959	25.2595	32.6456	50.3843	15.3325	169.7009
"98S0083-12"	60.9198	8.1167	14.5746	28.1065	7.5784	167.1775
"98S0084-11"	41.4751	3.2413	10.7656	20.9176	7.4327	167.7651
"98S0113-20"	62.1092	13.0956	20.4509	28.2145	7.2386	167.6865
"98S0113-20-23"	73.7199	24.6699	32.5617	44.3468	12.4655	166.7009
"98S0146-01"	31.6489	1.1823	7.2064	18.0674	4.5852	168.2651
"98S0191-22"	64.1444	24.6964	34.3764	43.8963	14.7234	170.1565
"98S0191-60-8"	72.687	20.3797	27.465	39.5793	NA	172.1385
"98S0311-17"	47.031	9.3187	16.4651	29.8605	7.6026	169.9775
"98S3015-01"	56.5881	9.3027	19.085	27.1992	7.5358	168.7651
"98T31"	55.7829	5.3012	9.5873	28.0558	NA	NA
"98T311"	51.7328	12.481	24.2622	32.8551	11.1169	174.8565
"98T379"	50.8059	11.7899	21.6648	34.8036	9.4309	174.7232
"99S0006-2"	60.2712	7.1738	12.0996	33.1147	9.3491	170.2537
"99S0024-14"	57.6143	8.6441	15.8771	26.9183	8.1163	166.0775
"99S0030-3-1"	62.5812	8.9125	16.4726	24.4606	6.4759	168.9442
"99S0051-3-1"	66.0122	15.8447	22.6072	41.2859	17.2024	170.2537
"99S0146ES"	48.2552	3.2218	8.4858	25.4142	5.4522	168.342
"99S0178-7"	69.5268	14.0205	20.9914	39.1978	13.2697	168.0642
"99S0196-3"	68.3358	8.5759	14.2431	42.3181	14.6863	168.4642
"99S0347-2"	68.0993	13.9124	20.8642	39.3311	15.2142	168.7975
"99S0362-21"	73.7199	15.5969	22.2315	47.3755	14.4599	169.7009
"99T412"	73.6435	14.3332	13.6904	33.0155	NA	175.5015
"99T413"	73.6163	10.3313	9.7869	31.4349	NA	174.1682
"99TSP115"	74.929	17.8023	16.7825	24.2096	NA	173.1682
"99TSP119"	74.9397	16.2075	15.1533	33.4888	NA	173.5015
"AAC_HODGE"	57.3315	6.1541	10.8675	26.3578	4.7848	169.0886
"AAC_SPIKE"	59.0076	8.0384	12.0613	30.5317	7.4624	168.6497
"AAC_WESTKING"	59.0184	4.0755	7.1707	19.4226	7.4002	170.8442
"AACBRANDON"	57.6911	6.0989	11.7984	22.8838	5.8268	168.0669
"AC-MAJESTIC"	81.5251	32.6595	32.5528	36.2049	NA	NA
"ACBARRIE"	66.6823	11.2869	12.3735	29.1408	NA	171.8349
"ACCORA"	47.3789	7.7761	15.8762	35.2698	8.4668	NA
"ACDOMIAN"	59.0264	11.1937	19.5061	27.6717	NA	NA
"ADA"	54.3777	11.0187	23.339	29.3678	9.4365	170.7232
"ADVANCE"	51.2816	6.4786	8.9367	27.8751	10.1157	168.4339
"ALBIDUM43"	58.0581	14.5704	19.6427	24.8574	8.0099	169.7442
"ALSEN"	52.0771	3.8755	8.8078	19.7318	5.4511	172.3016
"APSMITH"	65.4798	10.7523	19.3892	29.7761	7.8257	169.4912
"ARTEMOWSKA"	56.6258	11.4554	15.8178	28.9256	8.8113	172.8442
"ASCEND-SD"	60.5031	8.5114	16.2905	25.5284	7.3624	169.2589
"ATA81"	43.1578	5.1855	7.2749	27.8345	14.3065	NA
"B90-0270"	42.5614	7.9965	23.8351	27.91	NA	NA
"B91-0228"	43.5561	12.1255	12.6495	34.748	NA	NA
"B92-0058"	61.5428	11.7708	16.1546	26.4878	NA	NA
"BA04-CH-1"	40.4257	2.4877	5.6535	18.6453	3.8532	168.6532
"BA07-DE-19"	49.8057	7.7487	12.6989	26.0647	2.8589	169.9532
"BACUP"	42.9123	4.0173	9.4496	24.0371	5.2087	167.6127
"BB34-CK-1-B-17"	52.2582	3.2975	6.0595	17.4923	2.946	170.1112
"BD76AJ0199"	50.1554	2.9225	6.4804	21.3221	5.088	169.051
"BD94BD0248"	56.5656	8.3348	14.244	27.0087	7.6251	170.7826
"BIGG-RED"	24.9624	1.3721	7.1655	18.8685	3.0936	170.6338
"BIO-08228"	47.614	7.2909	13.4194	22.7333	6.8499	173.1252
"BIO-10200"	52.3558	3.1939	7.6316	20.8247	2.6907	171.1465
"BIO-10550"	50.8827	3.5348	7.5533	25.5655	3.7736	169.8105
"BIO-10588"	41.5266	3.378	5.2865	22.9473	3.6961	170.9945
"BLADE"	44.9262	1.8849	4.9853	19.0411	5.0868	168.9309
"BOOST"	44.8995	4.9718	9.4641	18.8817	4.538	169.7126
"BRAWN-SD"	57.6731	8.4694	18.0814	27.4003	8.1774	168.1083
"BREAKER"	46.4406	1.8447	5.8544	18.2842	5.1831	170.2428
"BRENNAN"	61.3566	2.1666	5.9198	44.1473	13.7726	167.822
"BRICK"	23.3879	1.7144	6.7893	18.7312	3.1845	164.5902
"BRIGGS"	46.4276	6.8342	14.5963	31.3078	7.7569	168.7729
"BROGAN"	47.5047	7.3132	12.986	37.7143	9.3523	169.6698
"BUCKAUSTRAL"	61.2938	13.5682	21.9547	27.6291	8.4958	172.1775
"BUTTE86"	52.772	11.2449	18.1474	31.3469	NA	NA
"BW1025"	45.3852	3.4764	8.3869	24.5042	5.8743	165.8262
"BW1027"	49.4387	5.2777	8.5934	25.2867	6.0539	168.3954
"BW1045"	31.7977	0.6824	3.7006	18.438	3.3503	164.6968
"BW1046"	41.629	2.0133	15.3995	20.5322	3.4083	166.5568
"BW1048"	39.4711	6.6386	12.7731	25.5785	7.2955	166.3468
"BW1049"	36.5011	2.8132	6.1097	22.5459	6.3747	166.883
"BW1053"	NA	1.322	1.0552	26.9147	3.9708	167.4329
"BW1054"	33.5115	4.2978	7.0583	27.0749	3.9708	165.8868
"BW1067"	52.2587	3.1525	3.7853	26.5883	9.9269	166.6129
"BW1069"	NA	3.1715	5.4212	23.5058	4.2544	166.4783
"BW1094"	44.5859	4.806	10.4482	20.3119	4.5997	167.0679
"BW156"	33.3081	5.7053	13.8515	NA	NA	NA
"BW173"	71.2548	22.9681	25.4957	25.7209	NA	NA
"BW174"	94.5349	29.07	24.7865	31.5809	NA	NA
"BW191"	67.5556	17.467	21.6118	20.5278	NA	NA
"BW252"	39.2121	11.3262	25.7305	44.5641	NA	NA
"BW259"	63.6296	14.8704	23.8596	29.8337	10.9535	170.1898
"BW270"	59.1423	9.3496	20.2063	25.261	7.7108	171.4293
"BW306"	55.4263	8.7768	18.1317	28.8082	11.3633	172.204
"BW307"	57.6384	9.5737	16.4417	20.6787	NA	172.9165
"BW308"	32.1475	5.1989	12.2472	27.622	4.0774	167.2297
"BW310"	26.5714	2.294	7.1369	16.1254	2.6109	169.463
"BW311"	62.2161	9.4375	13.9167	33.5265	3.8466	169.463
"BW312"	38.2691	3.3847	8.6936	27.2288	4.086	166.9964
"BW313"	71.8511	37.1985	34.9129	34.393	7.3355	169.704
"BW314A"	70.1726	25.5215	33.3482	42.292	NA	170.4165
"BW341"	52.5287	7.65	12.9764	29.1048	NA	172.1318
"BW342"	39.4129	5.4798	11.1825	23.5841	6.482	167.2009
"BW346"	26.314	2.1789	7.8697	24.149	NA	172.2985
"BW361"	85.3748	15.7593	18.3408	28.5675	7.4793	170.2537
"BW362"	61.3566	5.5222	10.9631	23.4387	8.5845	172.322
"BW364"	63.1574	13.5111	19.9792	37.3173	8.6012	170.2537
"BW365"	69.9406	10.2124	17.5299	20.907	5.0434	170.3801
"BW367"	68.8394	12.8798	17.8994	28.5675	8.9751	172.7537
"BW379"	70.3802	3.249	6.6553	14.6525	6.2327	167.2009
"BW396"	54.8389	7.4154	11.5634	23.5069	6.7995	169.7109
"BW415"	46.6817	3.7429	8.4962	14.9048	7.0088	169.3724
"BW427"	48.5263	3.2909	6.7043	32.3787	9.7265	167.2147
"BW429"	48.5559	7.2069	14.6267	26.6817	6.0281	172.3257
"BW430"	NA	0.0937	2.2448	7.6281	4.2706	170.234
"BW431"	42.6787	5.4747	12.205	30.4341	7.7536	167.8685
"BW464"	46.4307	4.8863	10.7746	22.3514	5.3261	NA
"BW483"	51.9122	4.6653	7.734	24.4978	6.2682	166.667
"BW484"	46.3956	7.4139	12.5609	29.8055	8.4398	NA
"BW485"	39.3475	4.0115	9.3576	21.664	3.1555	167.4087
"BW499"	42.2535	3.5704	8.497	39.7504	5.1152	167.0384
"BW5043"	47.6106	12.8317	33.8961	17.1678	4.2544	169.8868
"BW5060"	43.1731	6.5891	12.5531	28.6928	NA	167.9699
"BW5095"	60.5642	6.7028	11.2088	18.0216	6.0917	170.7942
"BW688"	102.2587	37.8105	30.3212	42.332	NA	NA
"BW693"	67.362	20.2663	27.4727	39.6609	NA	NA
"BW748"	40.2702	15.2821	30.8201	42.4466	NA	NA
"BW828"	49.0573	8.0738	14.8994	28.8573	NA	175.2778
"BW864"	73.7199	5.7366	9.7999	28.1453	12.8394	167.7009
"BW871"	37.4657	4.9389	11.2199	22.7024	4.6269	170.8173
"BW872"	49.6075	11.3105	17.2032	49.1604	3.1653	168.6532
"BW873"	61.3566	3.9803	8.739	26.6991	13.1842	171.322
"BW897"	43.4935	2.0434	7.1818	16.4036	4.4626	168.6955
"BW914"	64.6117	12.3187	31.709	17.4923	3.8992	170.9683
"BW928"	49.2887	4.0048	9.2863	24.4335	5.9422	169.0615
"BW961"	45.6759	5.0481	9.891	26.6065	3.4555	167.1484
"BW994"	71.4611	13.3877	20.9672	37.322	11.3411	168.3185
"BZ-998-447W"	61.6704	30.4888	38.8136	49.9997	NA	170.7457
"BZ-999-592"	90.7682	27.7374	29.765	50.5349	14.2107	175.2537
"BZ901-543W"	76.9959	33.2274	41.6293	35.1119	13.9613	168.7009
"BZ901-658-J"	64.6117	17.2627	33.8119	29.237	5.8921	165.1694
"BZ901-678-G"	64.6117	19.3935	30.6633	32.1477	6.2387	169.2631
"BZ901-717"	66.5521	21.0425	35.7512	60.1028	9.919	167.0724
"BZ903-513W"	61.3566	32.3197	44.1715	28.6269	14.976	170.822
"BZ984-334"	57.6195	23.4881	28.8296	NA	NA	NA
"BZ988-351"	52.4177	13.5292	20.9994	NA	NA	NA
"CA-03-937"	69.629	19.3851	27.5105	40.3626	9.3182	168.2975
"CA-801-706"	64.7498	22.0804	27.921	45.2987	25.4226	172.4108
"CA-801-715"	66.5033	25.5437	28.9616	56.0589	27.8768	171.7442
"CA-801-717"	50.4868	10.7135	19.3273	41.2724	12.6389	171.3372
"CA-801-721"	64.4569	23.3602	28.487	49.5843	25.7928	171.8442
"CA-801-748"	59.2736	15.4369	25.4709	45.9468	12.976	171.7651
"CA-804-744"	60.9192	15.9677	22.9161	36.3977	31.9977	170.8148
"CA-804-745"	55.0111	12.1078	20.1832	36.897	37.9104	170.8148
"CA-804-746"	63.353	18.1952	25.8804	48.4138	31.6499	170.8148
"CA-901-580W"	50.9786	4.0005	8.4911	35.1257	NA	169.7985
"CA-901-590W"	60.3678	11.9992	20.5527	30.8868	13.461	166.6108
"CA-901-712"	64.0825	19.046	25.1354	34.993	8.6614	165.4846
"CA-904-742"	53.4124	6.8158	12.3364	29.191	10.9686	173.0342
"CA-904-743"	61.1468	17.1741	25.9384	42.2458	8.3807	168.0342
"CA-905-751"	73.7199	31.4383	40.7749	44.3468	26.8007	172.7009
"CA-905-753"	NA	0.9851	8.7755	22.7079	2.0092	170.9287
"CA-905-754"	NA	1.6397	6.8967	11.9266	2.7211	167.9287
"CA-905-755"	37.1982	2.5367	10.6031	19.7202	6.4253	168.5953
"CA-907-824"	53.3234	6.2843	12.4818	39.3102	12.1155	170.2719
"CA-907-830"	40.6262	2.1982	6.0236	21.5382	5.9376	160.5754
"CA-907-834"	55.4432	6.359	13.1952	26.8378	9.9827	168.9719
"CA-907-835"	NA	0.4134	3.2287	20.7579	4.807	168.7417
"CA-908-801"	56.8923	7.8876	12.7556	25.8209	10.2733	167.7314
"CA-908-802"	47.2112	4.0541	8.5943	24.9394	7.4392	167.8399
"CA-908-869"	57.2844	8.7298	14.1166	33.2602	9.3098	167.6177
"CA-908-870"	52.6784	10.5317	16.3409	33.723	8.7433	168.3399
"CA-908-874"	56.4415	8.3274	12.6704	34.4468	5.9613	168.051
"CA803-737"	59.1199	25.9371	36.5394	35.2589	13.813	171.5953
"CA806-804"	67.1285	17.6868	28.6346	60.7576	14.0692	171.8032
"CA806-805"	60.846	17.7876	24.1172	56.579	14.3435	171.6032
"CA806-806"	53.2153	12.0365	20.6637	49.0515	10.78	170.6532
"CA806-807"	54.2608	12.7356	23.8255	63.5568	15.9808	169.0032
"CA807-806"	57.0344	11.9784	19.7514	28.7133	14.8459	164.5199
"CA807-808"	61.0567	20.7744	30.8777	28.1505	17.9744	165.9921
"CA807-810"	51.3664	9.6658	19.8238	33.7388	13.7398	162.5754
"CHRIS"	53.157	13.7049	24.6551	41.8583	11.4146	170.1652
"CI14371"	50.5474	12.8415	19.5663	31.7701	6.5683	170.9282
"CROMWELL"	55.3068	11.5238	19.2881	21.0253	5.3551	172.3156
"D011501"	59.1874	14.5305	21.5144	50.3293	19.5636	169.7964
"D011502"	65.5921	19.6259	26.9521	47.2977	7.5303	169.563
"D011503"	60.5199	15.4549	24.2754	40.2929	7.0091	170.1839
"D011504"	66.093	17.5894	24.6386	42.9536	14.4314	169.563
"D011505"	62.2054	14.2406	20.929	44.5003	14.2658	173.563
"D011506"	62.7896	18.5735	26.5602	46.2737	18.9681	171.563
"D011508"	59.2023	15.2852	23.4224	38.5169	14.1552	170.4108
"D011509"	51.6603	5.4118	11.7458	31.4455	9.2296	171.8442
"D011510"	52.3722	5.9003	10.8745	29.0939	8.435	171.2775
"D011511"	58.1615	6.8646	13.5029	31.833	7.69	172.2775
"D011512"	63.807	14.2981	24.0953	42.9113	10.1332	171.2651
"D011515"	56.7956	14.3178	26.04	47.9093	12.9347	170.8568
"D011521"	61.3353	11.1753	20.6285	41.7809	10.4834	170.7651
"D011525"	47.3657	5.5364	11.1717	27.534	9.4552	172.6108
"D011527"	48.2441	7.8127	19.1382	38.9867	9.2493	170.8568
"D87-240"	38.3331	5.9721	16.9864	40.1854	14.1211	NA
"D901155"	49.2326	8.7101	19.2697	44.0595	15.7841	NA
"D91103"	95.4513	75.9176	34.1596	41.7902	NA	NA
"D940098"	63.3113	18.6085	30.8243	41.7306	43.5458	176.2789
"D941229"	58.0946	10.1623	20.1856	43.2946	55.4281	174.9456
"D941515"	56.3969	12.5886	22.1775	42.228	46.2395	174.3456
"D95565"	60.3133	14.9407	21.0447	44.8877	11.6822	171.7949
"D96596"	63.2211	16.8534	22.6567	54.88	11.6096	172.5949
"D96622"	60.788	14.3502	19.926	44.8524	8.6371	170.7949
"DAPPS"	47.2614	10.6611	24.0289	32.9476	11.5492	171.8232
"DG012166"	61.8836	15.6541	22.7482	36.9921	13.7037	171.7051
"DG013141"	62.2235	10.1227	18.5217	32.0895	9.2395	169.9606
"DG014152"	67.612	10.3948	16.5731	29.141	11.3678	169.4198
"DH98031"	71.9219	18.871	18.217	45.8821	NA	172.1682
"DH98052"	72.2341	19.1275	18.4521	35.166	NA	172.5015
"DH98053"	70.7514	15.4906	15.2584	39.5147	NA	174.8349
"DH98069"	66.068	14.668	17.5201	41.211	7.3101	170.6649
"DRIVER"	38.1945	3.1808	6.7105	23.2955	6.1053	167.5042
"EDGE"	64.6117	10.9702	17.2224	27.7563	7.7984	168.7162
"EMBER"	30.5925	2.5342	8.3331	24.3913	NA	NA
"ENTRY_221"	61.1121	18.1088	26.8133	40.5305	NA	172.9165
"ENTRY_241"	70.1726	39.3564	49.3101	60.2236	NA	172.9165
"ENTRY_264"	66.6085	34.3862	44.9586	70.9013	NA	172.9165
"ERA"	56.3394	11.4933	15.9184	33.9559	NA	NA
"ERNEST"	47.4522	13.2748	22.551	36.9712	NA	NA
"ES101"	65.0715	20.7411	28.1924	56.6097	14.3984	171.3365
"ES54"	57.6384	13.6304	21.5293	33.5701	NA	173.4165
"ES63"	47.8601	22.0279	30.5515	45.8264	NA	172.4651
"ES66"	57.7375	6.7476	15.5424	30.9121	6.6416	167.563
"ES95"	61.3566	5.9872	11.6145	27.9864	9.1193	172.322
"FA-800-772"	59.7498	14.8879	23.0452	37.6368	26.7807	170.8148
"FA-900-793"	42.0404	5.5363	11.8292	30.4118	7.1984	166.3932
"FA-998-781"	60.7801	12.649	18.0183	43.3476	8.8228	171.1282
"FA-998-782"	58.9818	15.9429	22.6341	41.555	9.1186	170.1282
"FA-998-783"	58.1215	16.218	22.8575	45.1396	9.3354	170.9282
"FA897-733"	72.4041	14.7537	14.1442	37.5561	NA	171.1682
"FA897-735"	74.1523	17.4237	16.5703	34.0156	NA	170.1682
"FA993-401W"	74.0517	12.1238	13.4539	13.3797	NA	NA
"FA993-402W"	61.9972	8.945	11.3622	21.0116	NA	NA
"FA994-601"	30.4116	2.4213	6.5899	23.371	NA	NA
"FA997-703"	41.7604	1.1127	5.2172	14.7339	NA	175.1682
"FHB34"	44.0092	4.7658	12.6034	25.2684	7.4429	NA
"FI-03-2318"	64.6071	10.9203	17.9807	50.0901	15.7213	170.4642
"FI-03-2501"	56.7481	3.2916	7.902	19.5483	6.441	169.7531
"FI-03-2506"	58.2226	4.1923	9.1613	20.9864	8.1928	171.0642
"FI-03-2665"	31.2476	0.6064	4.7403	13.8822	1.8551	169.9198
"FI-03-2747"	57.4854	5.7061	11.4939	15.1722	3.8129	170.0864
"FI-97-844-8"	31.0011	1.6464	7.149	15.8209	4.4841	174.6723
"FN09-17017"	25.8735	1.9181	6.4986	17.5481	3.9497	170.1361
"FN09-17210"	25.836	2.9456	8.0453	14.0317	3.4051	169.4139
"FN09-17213"	35.7656	1.9248	6.8083	17.9073	6.717	169.8584
"FN09-17270"	NA	1.9048	6.8559	22.4477	4.0824	168.3584
"FN09-17275"	NA	0.7746	4.8241	9.3449	2.3345	169.8584
"FN1706-185"	41.1368	3.7521	12.2325	23.0269	4.5131	167.1532
"FN1706-213"	52.5552	4.9823	13.372	32.4553	5.7552	166.6532
"FN1706-38"	26.8814	2.1031	9.0902	18.7383	1.9553	164.3032
"FOCUS"	80.8618	6.6185	14.0254	23.7381	5.4157	163.4592
"FOREFRONT"	NA	1.8598	5.5256	21.3664	3.5502	166.3907
"FORGE"	57.4086	10.6637	16.2451	37.9106	NA	NA
"FREYR"	48.7527	5.4048	12.0409	24.883	6.7979	169.5506
"FRONTANA"	57.5091	4.9702	0.9313	18.0985	NA	NA
"GLENN"	36.8004	3.0339	7.7258	21.5303	3.4522	169.4141
"GRANGER"	55.4617	8.6864	14.6147	32.0811	5.5717	169.503
"GRANITE"	61.3595	14.5283	21.6085	34.5472	11.0859	172.0565
"GUNNER"	55.454	11.5322	16.0822	31.0884	NA	NA
"HANNA"	57.8726	5.9079	14.1304	23.7713	7.2392	170.8565
"HJ98"	48.7219	8.9063	13.067	35.6911	NA	NA
"HOWARD"	54.9548	12.5857	19.2813	34.5623	NA	171.8957
"HY1319"	65.4993	13.063	31.1871	29.1868	10.0207	168.8525
"HY2019"	48.3593	5.6294	10.1424	25.689	5.0972	168.8054
"HY2136"	59.7869	9.7554	14.1479	35.8256	14.6316	172.8553
"HY417"	56.3715	18.5287	26.7959	45.6961	NA	NA
"HY469"	67.0482	40.5573	32.1738	52.8115	25.6435	170.954
"HY644"	49.3998	3.8995	7.4262	30.8345	4.1792	171.8202
"HY682"	53.7265	13.8068	23.1345	50.7154	6.9426	173.8032
"HY688"	64.5666	11.1932	18.4251	33.0874	9.5564	172.3642
"HY689"	44.8468	5.1047	15.9808	41.5296	2.8416	169.4532
"HY699"	64.719	7.6376	13.1961	32.2906	10.6585	170.7975
"ID0523"	59.8379	26.0789	33.1099	43.638	NA	NA
"ID0533"	51.8358	18.0776	28.2098	37.125	NA	NA
"ID0560"	68.8532	23.8847	35.2214	55.4096	23.553	174.5232
"IDO1403S"	58.7676	19.7549	27.8073	39.2606	20.899	176.2543
"IDO1405S"	58.12	19.4348	27.2143	41.0835	9.9716	173.0877
"IDO1601S"	57.1151	18.7764	26.857	40.4361	7.547	172.2543
"IDO1603S"	61.4028	21.911	29.6615	57.6038	14.6999	173.2543
"INGOT"	44.1326	5.7083	14.3075	20.7583	NA	NA
"IVAN"	65.642	14.7713	15.1705	40.4692	NA	NA
"JENNA"	61.3566	1.5094	4.7949	41.103	15.805	171.822
"KATEPWA"	50.7103	5.3081	8.2217	20.3377	NA	NA
"KEENE"	54.1645	11.2849	19.6046	31.988	9.009	168.6617
"KELSE"	73.3429	34.918	54.8817	88.7625	15.7556	170.3032
"KEYSTONE"	47.6399	6.7349	13.491	28.4142	5.4197	168.8757
"KLEINCONDOR"	64.7635	19.0664	23.6458	36.4357	11.7723	168.5775
"KNUDSON"	55.8685	9.9426	21.6298	33.4539	9.3225	172.1898
"KULM"	40.2606	5.2725	13.8679	NA	NA	NA
"KUNTZ"	50.7858	11.986	18.6697	37.9328	4.8615	171.0373
"LANG-MN"	50.2187	5.0362	9.4353	21.4886	5.5214	170.1912
"LANGDON"	54.3042	10.3636	18.9782	42.4484	59.2616	176.3456
"LANNING"	57.764	8.6625	13.8186	34.9371	16.5793	175.4474
"LCS-ALBANY"	60.0443	8.5255	13.9076	22.6139	7.115	170.8033
"LCS-BREAKAWAY"	76.9959	27.6732	35.382	39.4526	12.8394	168.7009
"LCS-CANNON"	52.2778	7.0971	11.3133	20.7226	4.5429	164.0218
"LCS-POWERPLAY"	NA	4.197	6.4665	31.6367	7.8177	167.507
"LDN-SUB."	44.2973	5.0614	16.3241	44.4508	11.7161	NA
"LINKERT"	59.2853	9.2795	14.6535	27.8501	7.4742	167.8211
"LNR10-0176"	NA	1.69	6.2169	27.611	4.9415	166.8497
"LNR10-0177RS6"	43.1697	3.8633	7.8336	23.4344	4.1156	170.1253
"LNR10-0493"	53.5893	5.964	10.9604	33.4902	10.3692	168.5201
"LNR11-0757"	49.2047	7.2039	15.2351	24.1991	4.8143	168.1769
"LNR12-0147"	40.2391	5.2494	13.0421	21.7924	2.8644	165.1741
"LNR12-0311"	63.34	5.9136	13.9185	27.6357	6.3932	164.9505
"LNR13-0028"	62.9767	9.5221	15.3137	29.591	9.7662	165.7455
"LNR13-0137"	66.1707	7.1772	12.8639	26.4307	12.3739	167.2455
"LNR13-0763"	NA	1.0337	2.926	29.4235	2.7919	165.367
"LNR14-0234"	44.3548	4.3961	11.3785	23.8891	4.8637	163.2668
"LNR14-0563"	40.8332	2.0406	5.6536	24.2197	3.1996	165.0068
"LNR14-0677"	41.484	4.9307	10.9044	21.059	2.9609	171.2543
"LNR14-0679"	46.1383	3.096	8.1629	24.8219	7.173	173.421
"LNR14-0747"	33.4205	2.2146	7.0172	19.4148	3.5975	173.2487
"LNR14-1267"	56.168	12.5634	18.663	25.2357	6.9067	164.0968
"LNR14-1774"	43.2344	8.0612	14.4213	28.1783	4.4735	171.921
"LNR14-1868"	44.9902	5.8388	11.3721	20.1653	4.2889	173.921
"LNR14-1935"	47.5181	4.9476	15.0836	19.9905	4.5113	164.5168
"LNR15-0025"	42.3431	8.5849	11.3817	20.3949	5.4024	176.5764
"LNR15-0026"	52.2078	8.8003	11.385	23.8497	8.7231	175.9098
"LNR15-1405"	43.1731	3.4828	5.4937	30.2683	NA	168.6237
"LNR15-1512"	47.9079	3.7888	6.3064	23.6827	NA	168.4237
"LNR15-1751"	47.9079	1.9223	1.6949	31.345	NA	168.416
"LNR15-1802"	44.7538	6.3373	8.7504	19.0346	7.5837	176.0764
"LNR15-1990"	40.3878	3.6261	8.4131	17.0433	2.7452	169.9098
"LNR16-1156"	56.5258	3.967	6.9332	20.0068	NA	170.1931
"LNR16-1223"	64.383	3.7846	7.1719	15.5269	NA	172.0929
"LNR16-2076"	64.383	4.2126	9.0322	18.7636	NA	172.2699
"MACON"	65.8094	20.2388	20.4939	40.5075	15.658	171.204
"MARQUIS"	54.6587	12.4229	21.698	35.1101	8.6066	170.8206
"MARSHALL"	52.3783	10.2112	11.8716	NA	NA	NA
"MCVEY"	37.4955	4.3668	10.2893	31.9323	11.7047	174.552
"MN-ROTHSAY"	50.7725	4.7922	9.3124	24.4688	3.6871	170.3014
"MN-TORGY"	27.2425	1.5276	4.4479	24.2759	5.0862	168.602
"MN-WASHBURN"	55.785	5.1144	10.7082	21.4266	5.688	168.8565
"MN00021"	38.9599	2.1019	8.4022	21.9092	4.9042	166.2651
"MN00173"	35.8998	3.4714	13.7352	24.5946	6.3196	165.7651
"MN00187-3"	NA	0.0447	3.1623	14.9601	2.2832	168.6975
"MN00209-3-1"	NA	0.9973	6.6413	16.0175	2.9402	166.5117
"MN00232-2"	40.6368	2.4195	6.4976	19.1141	3.483	166.8442
"MN00269"	66.4924	26.5945	34.912	51.7679	11.7447	177.333
"MN002698"	54.5387	28.3698	38.8171	35.3097	10.4249	181.0037
"MN00274"	NA	0.1884	5.0609	24.3555	2.686	167.2651
"MN01057-3-1"	17.4633	1.3843	6.2571	16.6868	1.8086	163.8148
"MN01116"	44.6925	4.8981	10.1335	16.3308	1.9864	169.1775
"MN01164"	53.6738	1.3687	4.6705	19.6464	4.5207	168.1309
"MN01180"	35.3707	1.7449	6.0779	18.6112	3.9011	169.1775
"MN01197"	52.5288	15.1139	22.8942	37.4415	NA	172.5485
"MN01281"	45.2103	2.5163	7.547	17.2404	4.3447	169.0442
"MN01333-A"	63.3653	12.4588	17.2937	37.317	5.6095	168.5373
"MN01380-2-1"	39.6297	3.4429	8.4598	22.3454	2.9215	170.8148
"MN01NIL84-5-5-15"	30.1268	0.5857	4.2339	21.9803	3.8754	168.8642
"MN01X074-14"	32.9194	4.6601	8.395	21.2845	3.658	168.6532
"MN02051-1"	50.7858	8.1053	14.7073	23.3103	6.2604	166.1481
"MN02072"	71.6423	15.0354	20.2901	28.5675	11.9669	167.2537
"MN02219-1"	41.939	5.8796	12.1923	23.2123	6.6082	168.1481
"MN02222-1"	40.7278	1.263	5.4343	14.6094	2.1049	167.8562
"MN02252-A"	59.9677	9.2725	16.5192	30.2451	9.3491	171.7273
"MN02255"	67.8206	13.2096	20.1613	33.436	12.008	170.7614
"MN02268-A-4"	56.7308	4.2452	9.3343	29.2103	6.1613	168.262
"MN02306-2"	24.158	2.8415	9.2144	22.3222	2.6433	163.8148
"MN03013-3-2"	45.3617	4.163	10.6486	20.0385	4.5131	167.9532
"MN03119-4"	61.3566	1.2126	4.253	17.3649	8.7182	169.322
"MN03169-2-062"	68.18	11.3578	20.9496	27.4685	9.7567	170.9431
"MN03191-2-1"	53.5933	8.4415	16.8717	17.6552	2.8124	167.6532
"MN03306-1"	63.4695	1.7536	4.5719	28.7876	8.9751	167.7009
"MN03308-4"	61.4526	8.6623	14.4766	31.3981	10.1435	171.426
"MN03342-4"	10.2216	2.3824	8.5049	24.4515	4.0191	167.0476
"MN05058"	38.6689	3.6062	9.5132	23.5126	5.0614	163.5199
"MN05117-7"	34.2499	3.5771	8.8554	20.1852	5.4056	163.7143
"MN05141-2"	45.9684	4.1086	7.8436	24.6845	6.7836	168.6431
"MN05149-5"	23.5438	0.1323	2.17	14.3783	3.2646	159.6587
"MN05152-1-1"	13.0175	1.4857	5.9628	15.088	2.6127	167.1177
"MN06018"	61.8983	5.7078	10.287	23.9501	9.3708	169.1587
"MN06049-1-3"	NA	0.9087	4.1651	18.0962	2.6592	165.2288
"MN06075-4"	32.6058	4.211	6.6645	34.5543	12.8546	167.2147
"MN06202-3-1"	50.5937	2.9373	6.6672	24.5824	5.6764	165.7843
"MN06213-6-2-4"	54.2795	3.7799	7.3733	17.0592	3.921	168.1177
"MN06216-6-2-4"	53.6947	6.8073	11.3428	11.4278	3.3361	176.9695
"MN06219-2-2"	38.8239	3.9454	9.4571	21.66	5.4062	168.1177
"MN07049-7-3"	40.9776	2.108	6.7971	19.0156	3.184	172.8028
"MN07057-6-4"	49.1416	6.3841	13.4515	23.1479	3.6636	175.2906
"MN07167W-2-1"	52.3674	7.1365	13.6619	21.7584	11.2697	171.5794
"MN07183-3"	62.599	8.8185	12.5705	18.6443	4.9513	175.8028
"MN08124"	50.7309	11.8254	16.8661	23.9493	3.8882	175.3584
"MN08145"	45.9268	2.5911	8.176	17.2377	8.4369	NA
"MN08145-2-3"	30.5424	4.6949	10.1485	17.4837	5.2226	172.1361
"MN08166"	26.5802	1.6127	7.8262	23.1869	2.7695	170.1133
"MN08173"	50.5914	4.0919	9.4833	22.7346	4.9143	175.1133
"MN09023"	49.1497	5.9404	11.8484	19.0907	4.5494	174.5239
"MN09027"	NA	0.8046	6.3252	21.2811	2.7497	171.9466
"MN09028-1"	68.8034	7.1515	10.0207	25.866	4.8538	166.4706
"MN09071"	53.2496	6.2559	13.1634	22.5412	7.0519	170.1133
"MN09092"	52.369	3.2693	8.2827	21.0986	4.8139	171.9572
"MN09121"	44.5375	1.9771	6.9174	25.3048	4.4049	172.4466
"MN09157"	NA	1.6214	7.2538	8.7532	2.4606	174.3422
"MN09186"	81.4488	7.4823	12.1572	29.1868	13.1522	166.4343
"MN10021"	NA	0.0272	3.3134	12.4925	1.219	174.2919
"MN10055"	47.1253	2.9641	6.7251	14.9021	3.9206	171.5089
"MN10061"	78.3592	14.4725	27.4705	25.866	10.4904	168.4797
"MN10204-6"	81.4488	14.8307	26.3587	29.1868	11.1167	169.4161
"MN10281-1-98"	66.8852	12.4049	22.2504	33.1626	13.4007	165.5411
"MN10281-1-A"	64.9124	8.3978	16.5786	45.9898	27.0787	167.0361
"MN10285"	NA	0.6213	4.2924	10.6708	2.3936	174.8422
"MN10362"	NA	0.2014	3.9451	12.6879	1.2885	171.1756
"MN10368"	46.562	3.7056	8.1293	12.258	3.8352	172.0089
"MN10388"	NA	0.9014	5.0959	14.0887	3.7285	170.7919
"MN11074"	41.2597	3.2541	7.9	15.3812	2.2638	171.9586
"MN11326-3"	43.5397	2.5684	6.4758	17.3885	3.5943	174.7344
"MN11394-6"	31.0303	2.0567	6.2098	17.8234	1.957	168.4557
"MN11397-1"	28.9436	2.3741	6.4327	20.2913	3.5077	173.4586
"MN11405"	20.3308	1.0023	3.8829	15.4756	4.369	171.4586
"MN11492-6"	59.5704	8.5105	18.0663	31.9546	4.4299	167.1327
"MN12265-1"	50.589	6.0039	11.0892	24.7578	4.0447	172.7344
"MN12307-3"	51.822	3.212	6.9394	20.0438	6.2884	173.4011
"MN12423-5"	38.7162	2.2765	6.2266	14.4897	2.7617	173.5677
"MN12545-3"	46.9767	2.2313	5.6618	20.6592	1.6423	174.5677
"MN13056-7"	41.053	6.1387	11.4403	18.3946	3.6263	170.2543
"MN13064-2"	50.2542	8.2047	13.2233	21.7405	6.9438	172.0877
"MN13074-4"	44.3755	5.6531	10.0537	26.7827	8.5615	167.1955
"MN13288-1"	33.4734	0.5753	5.0158	17.8872	2.2814	166.2968
"MN13288-1-32"	73.3009	8.32	19.0692	23.9575	1.6167	167.5483
"MN13304-5"	49.1503	6.1829	9.4073	25.39	7.3872	173.9098
"MN13398-2"	42.6519	4.5649	7.2469	27.4576	4.11	167.6884
"MN13479-8"	56.2179	9.1697	16.2224	23.9152	7.0192	167.6169
"MN13515-8"	38.2075	1.3761	5.6948	21.1393	4.1055	170.7543
"MN14138-4"	37.4924	4.2597	6.2316	13.7311	5.2943	171.7431
"MN14164-4"	42.9484	5.0588	10.236	14.2669	4.975	169.4098
"MN14227-4"	33.205	4.9765	11.3009	23.5688	7.6529	166.3564
"MN14470-5"	54.5286	6.1271	11.9792	19.7391	8.9102	172.9098
"MN14669-1"	42.2481	2.3106	5.9668	16.9961	3.0545	175.5764
"MN15008-7"	44.3753	2.892	8.7578	16.2296	4.1508	171.5884
"MN15012-3"	68.1096	12.139	25.2722	25.5321	NA	168.9314
"MN15029-8"	60.2827	6.5393	11.54	20.2872	5.5542	175.5884
"MN15089-2"	50.8278	2.5926	7.708	16.1648	4.0538	174.255
"MN15119-2"	58.7768	5.606	10.0627	23.0099	8.3401	169.2809
"MN15136-6"	68.1096	5.4636	8.5305	21.251	NA	169.2929
"MN15155-2"	49.7286	3.5226	7.5837	17.7274	9.1431	177.1141
"MN15195-5"	53.0893	3.7036	5.5655	18.9742	4.8216	169.7014
"MN15219-2"	58.9439	5.3001	10.8528	19.9612	4.642	174.255
"MN15501-4"	59.4001	6.2405	11.1639	18.4523	5.2185	177.5884
"MN16028"	56.3079	8.8068	14.492	16.5876	7.8418	172.6141
"MN16040"	42.8825	1.4767	4.6329	19.3412	7.9263	175.6141
"MN16103-1"	50.6575	3.7881	8.1188	18.8273	7.0441	169.526
"MN16262-3"	46.0211	2.9809	7.0841	21.7297	9.3121	174.9474
"MN16277-3"	44.215	2.6564	7.7889	19.2331	4.8287	169.3594
"MN16317-5"	26.9597	0.6495	3.6002	15.7982	12.5401	175.9474
"MN16340-8"	52.2224	4.1989	8.172	21.4959	5.7612	170.6927
"MN16360-1"	50.2136	5.1744	9.0574	19.061	6.6134	173.1927
"MN16408-5"	43.5398	2.7789	6.3056	17.582	6.3573	174.026
"MN17033-1"	39.2822	3.7945	12.7869	24.1201	4.4583	176.0175
"MN17038-5"	54.2342	9.4565	14.1232	23.9299	9.8523	175.0175
"MN17065-2"	48.5897	4.2885	9.2147	25.376	7.3394	170.6951
"MN17117-5"	59.5136	7.653	12.278	22.6268	8.1903	168.9569
"MN17118-1"	57.2857	7.0773	12.4711	19.2619	4.6537	168.7952
"MN17120-1"	50.8695	4.5944	8.8943	23.4365	8.0939	168.8649
"MN17271-1"	17.6702	2.3876	10.4905	22.5487	3.2439	175.0175
"MN17332-2"	53.5518	5.8732	10.0188	23.955	6.8813	175.5175
"MN17379-4"	41.5857	3.597	5.8157	17.1862	3.5576	170.2609
"MN18032-5"	58.189	8.4461	15.6684	21.0766	5.5301	169.9971
"MN18081-5"	45.9377	5.5828	10.8658	28.4827	7.9801	170.0285
"MN18091-2"	55.1916	7.9845	13.4064	22.6912	10.4735	177.6774
"MN18106-2"	67.5117	7.0932	12.1535	23.4044	9.0306	174.5971
"MN18163-5"	44.0863	3.563	7.8602	22.117	2.7317	170.1951
"MN18176-1"	50.6059	6.2174	13.1021	28.6073	7.5801	172.9685
"MN18179-4"	50.3859	4.8785	9.6807	24.9449	7.9678	171.8618
"MN18292-3"	60.4063	7.2493	12.0313	30.964	8.1239	172.6951
"MN19108-1"	63.6732	6.8807	10.5868	34.2239	9.9024	168.9259
"MN19114-3"	64.1285	6.7123	10.8937	23.9391	9.7064	175.1353
"MN19138-2"	63.6732	5.1464	5.776	30.0308	7.3857	169.1644
"MN19146-4"	29.8033	2.0132	5.7629	20.6779	5.1369	173.0197
"MN19257-1"	52.3438	4.5328	8.7926	14.6678	6.0951	176.4201
"MN19342-1"	52.9836	5.9787	10.9129	28.6453	7.6875	172.4081
"MN19358-1"	63.6732	8.7671	14.807	33.3025	7.4792	169.0875
"MN20038-3"	63.6732	13.2499	20.4955	37.285	10.9514	169.3469
"MN20049-1"	63.6732	4.7825	7.0441	38.7944	6.9752	169.2803
"MN20080-3"	48.7404	2.871	6.6507	17.7609	6.1191	174.4081
"MN20081-2"	47.2873	3.3011	7.3481	19.8171	5.3918	172.4081
"MN20171-1"	57.0492	2.5253	5.5533	13.6138	5.4272	171.9636
"MN20172-2"	57.0492	5.6765	10.0243	13.8423	7.9285	175.6303
"MN20218-3"	55.716	4.9841	10.4825	41.09	7.5002	170.1803
"MN20231-2"	22.0738	2.0431	6.6184	22.0444	6.1956	171.1891
"MN2514"	45.7602	4.8473	8.4294	35.4629	NA	NA
"MN2538"	37.0675	6.509	25.2415	24.6711	NA	NA
"MN2540"	38.1883	3.8843	14.5283	31.0077	NA	NA
"MN88076"	74.0833	19.9749	22.2505	NA	NA	NA
"MN88334"	51.3871	13.9803	24.4807	NA	NA	NA
"MN88415"	35.1047	8.3707	20.6043	NA	NA	NA
"MN89028"	21.3033	3.9534	13.8515	NA	NA	NA
"MN89103"	49.8723	11.4952	10.2959	NA	NA	NA
"MN89408"	68.3069	14.8959	19.3469	NA	NA	NA
"MN90071"	53.3326	22.0459	20.0226	NA	NA	NA
"MN90114"	53.6467	23.4881	20.0226	NA	NA	NA
"MN90138"	74.5376	19.942	18.0466	52.9867	NA	NA
"MN90253"	55.6417	22.0459	24.9112	NA	NA	NA
"MN91227"	48.4186	9.1416	13.3503	46.0207	NA	NA
"MN91309"	53.1804	10.4878	15.3204	29.094	NA	NA
"MN91324"	53.1343	10.6144	14.8545	42.8534	NA	NA
"MN92006"	38.6892	9.9163	16.9087	27.2418	NA	NA
"MN92387"	63.2349	11.4055	14.8762	28.5285	NA	NA
"MN93377"	58.3977	12.7356	17.2668	44.1149	NA	NA
"MN93434"	43.415	17.9812	30.0504	25.3201	NA	NA
"MN94055"	62.5251	17.4344	21.503	37.6054	NA	NA
"MN94200"	51.5407	9.8695	13.9571	35.6224	NA	NA
"MN94346"	28.3101	3.3306	11.7236	26.6518	8.1703	NA
"MN94351"	16.3014	0.1795	7.0115	18.5323	NA	NA
"MN94382"	41.1609	1.7055	4.9367	17.2579	NA	NA
"MN94390"	30.1162	4.9296	7.1696	23.9462	NA	NA
"MN95124"	49.6577	11.715	23.2504	35.4582	9.0161	NA
"MN95142"	51.4148	9.866	17.5954	35.3736	8.3176	NA
"MN95211"	45.3153	11.557	26.2454	36.8903	9.2606	NA
"MN95286"	53.6366	10.7183	18.0972	33.4965	NA	NA
"MN97039"	51.0675	6.9344	11.9229	29.489	1.683	167.9282
"MN97063"	69.2525	14.6261	21.3076	34.9362	NA	172.1385
"MN97073"	59.6113	8.4046	17.3179	32.2346	12.867	170.0565
"MN97237"	44.0902	6.4141	18.9797	34.3131	25.2393	177.9456
"MN97448"	67.7601	23.5916	31.1655	40.61	12.5252	171.0293
"MN97518"	59.9396	4.7251	5.4943	22.6883	NA	167.8349
"MN97561"	45.7179	7.3712	13.4676	35.6269	4.7095	166.4949
"MN97596"	58.0789	5.2042	5.9345	28.848	NA	168.1682
"MN97603"	59.8896	6.1395	4.6433	23.4222	NA	165.1682
"MN97695-4"	52.3927	10.8436	20.0821	37.0796	11.4304	168.954
"MN97762"	47.2223	10.089	17.3065	37.5223	24.6354	172.5123
"MN97847"	40.7261	5.1241	10.2182	36.2325	16.8292	172.8456
"MN98037"	35.442	5.2809	10.7458	25.8399	3.967	166.8282
"MN98068"	73.6815	13.3715	12.5141	25.7493	NA	171.8349
"MN98092"	41.0778	7.699	14.0561	31.1005	4.6157	168.3615
"MN98208"	33.7961	5.573	11.3715	28.3634	6.098	166.9282
"MN98389"	35.3175	4.9984	10.3884	29.9863	2.6673	166.3615
"MN98389-A"	47.8434	14.3772	17.6763	29.1013	3.8881	169.204
"MN98513"	65.1196	5.1438	5.2956	29.9852	NA	166.5015
"MN99109"	51.7736	5.9936	11.5061	21.4657	5.3612	169.7964
"MN99112"	NA	1.3428	6.2266	16.4239	2.3159	168.1297
"MN99126"	30.8132	2.6543	7.6678	21.1882	3.9733	169.1297
"MN99192"	35.3193	3.0832	8.2255	19.7668	4.539	169.8964
"MN99220-4"	46.168	1.4913	5.6899	18.9936	4.2342	167.0642
"MN99225"	35.155	2.8585	11.1435	22.0039	5.0762	167.7651
"MN99322"	45.3334	5.1204	10.1769	23.5292	3.5002	169.2297
"MN99341-2-5"	49.3462	1.3929	4.9001	24.0742	5.016	168.1309
"MN99408"	39.1415	1.8013	8.453	22.9131	5.6297	166.2651
"MN99433-1"	57.6491	11.6182	15.4988	26.4256	4.6729	168.0775
"MO_09_3-5"	67.6009	6.9999	12.3043	27.5741	10.1943	165.4208
"MO_1-2"	53.5622	3.7572	8.4814	30.3788	5.6489	174.0622
"MO_1-23"	51.4423	2.676	6.6571	20.7761	3.435	174.0549
"MO_1-24"	52.7136	2.1921	4.897	23.6001	3.7032	173.0549
"MO_1-3"	59.0975	14.878	22.5275	29.5102	9.9616	177.5622
"MO_3-23"	46.1859	6.4482	13.1959	27.3153	6.2737	175.3956
"MO_3-4"	26.8305	1.7823	6.8683	23.7381	2.9627	173.0328
"MO5_1-14"	17.5285	3.3171	9.502	16.9066	1.5115	166.9958
"MO5_1-15"	38.7605	2.7529	8.6699	14.9165	3.3078	166.3291
"MO5_1-16"	49.791	6.183	12.5402	25.799	9.0505	167.5041
"MO5_1-17"	30.7959	3.1516	8.8567	25.0333	6.6573	169.0042
"MO5_1-18"	35.774	3.3559	7.8026	22.8666	3.8663	168.3375
"MOTT"	52.7556	8.7743	15.5361	37.0493	11.6759	172.4443
"MS-CHEVELLE"	59.3542	7.5541	11.4203	29.2711	7.4051	168.0397
"MT0245"	58.9584	20.2962	27.0574	38.6379	4.4876	172.8498
"MT0249"	54.0734	27.7042	35.857	47.4933	NA	169.2151
"MT0266"	74.4235	16.9141	21.9821	41.2859	12.3408	170.2537
"MT03501487"	62.0867	15.8754	23.8262	41.6963	9.7384	169.4815
"MT03501736"	62.7751	14.9668	22.9067	43.8161	26.0851	170.8148
"MT03502405"	52.9104	8.8867	16.3388	28.4236	4.5214	163.8148
"MT03502420"	44.8215	6.6638	13.5074	29.2664	7.9994	168.1481
"MT03502445"	61.6848	18.4958	27.0322	47.5157	7.6516	169.4815
"MT0415"	69.7789	15.7702	24.4401	39.8257	13.0552	170.1309
"MT0416"	76.9959	39.3223	48.4208	41.2955	9.4737	169.2009
"MT0516"	61.3566	29.314	40.6452	73.6733	20.806	168.822
"MT0713"	71.6401	14.5325	17.4007	30.5469	14.1353	171.2109
"MT0827"	56.5374	14.2974	13.0761	43.992	10.7583	166.307
"MT0832"	53.9478	10.8574	11.7402	29.5366	8.8746	166.7685
"MT0852"	63.9386	14.4818	21.2601	36.8961	11.8346	168.507
"MT09SCAB16"	64.8451	20.2722	27.1149	35.7817	5.7036	171.6361
"MT09SCAB3"	62.9376	15.7949	22.3244	37.5469	8.5796	172.525
"MT09SCAB5"	58.8978	13.0246	19.5523	44.3605	9.8338	172.1917
"MT09SCAB9"	58.8963	15.2039	22.3844	40.6757	8.1453	172.3584
"MT1053"	55.081	12.5676	21.4089	27.5429	5.7932	169.2979
"MT1103"	83.4858	22.5067	49.7536	51.353	16.8844	169.8438
"MT1142"	34.4987	11.2378	23.8492	31.6001	8.455	168.2706
"MT1172"	62.1202	16.8667	29.8648	39.3024	7.5155	169.0252
"MT1203"	78.2296	19.4143	32.5444	83.3731	45.556	165.5284
"MT1219"	56.4103	18.6143	27.8795	46.1878	12.628	167.0327
"MT1236"	59.4864	11.8658	24.1684	47.5385	23.2559	167.7746
"MT1316"	50.5363	10.8569	18.4629	31.5897	9.093	166.8954
"MT1337"	56.4103	15.8736	25.1974	33.1199	13.6288	165.5744
"MT1338"	53.7834	12.0605	20.3392	28.5579	11.4553	165.3327
"MT1348"	64.9973	21.0902	32.0848	50.2435	16.0794	168.0925
"MT1401"	51.3735	11.1565	18.4045	29.1661	5.6956	169.2841
"MT1525"	73.5177	53.2778	61.5014	72.1604	22.9327	167.3468
"MT1543"	63.1108	30.7802	39.5533	70.8653	14.9152	165.4368
"MT1570"	64.555	40.4156	52.0231	56.8144	14.4602	164.4068
"MT1621"	58.2482	13.8049	19.6356	35.0088	11.3553	166.334
"MT1673"	62.2674	14.6339	19.1729	49.461	11.3957	166.3083
"MT1716"	57.7497	8.2128	13.7084	28.564	7.224	167.812
"MT1767"	58.7379	15.8503	26.1706	58.7262	16.2244	166.1224
"MT1775"	53.3028	14.7112	21.1697	51.1391	21.7353	172.3594
"MT1809"	62.8933	10.416	17.0389	28.9716	6.7022	167.7701
"MT1855"	60.5115	13.5673	19.0837	33.577	6.9441	171.0445
"MT1866"	60.0812	8.3746	13.8398	30.4446	8.3894	168.608
"MT1871"	60.0702	19.3745	23.0636	49.0202	17.534	170.526
"MT1872"	61.3353	16.0801	24.1177	51.8186	14.32	167.6927
"MT1927"	57.2857	15.7993	28.9557	55.0619	15.3935	169.277
"MT1939"	60.4251	17.2787	38.0031	53.4411	20.563	167.4123
"MT2007"	55.0148	10.7853	17.4281	40.8812	11.3653	171.1842
"MT2013"	60.6763	19.3697	26.9252	53.0346	10.7125	171.3509
"MT2018"	58.694	14.2989	22.0966	39.583	9.8896	170.5175
"MT2022"	54.9647	4.5451	10.277	37.9391	8.8478	169.8509
"MT2030"	67.5117	15.3527	38.436	27.6056	14.3757	169.7523
"MT2049"	58.189	9.8871	20.8616	32.6775	11.1196	165.5898
"MT2054"	50.6059	10.7628	21.5469	38.6092	13.5831	167.3614
"MT21074"	63.6732	18.8462	30.742	44.6094	11.324	170.3469
"MT21076"	58.0875	10.2608	16.1156	43.3371	10.8428	172.0285
"MT21082"	49.4866	14.93	22.5267	34.562	11.951	168.1951
"MT21089"	59.4873	14.2388	20.8693	32.4373	10.1794	171.0285
"MT21091"	48.5897	10.8447	17.2148	29.4691	10.0162	170.6951
"MT21102"	58.5697	14.2451	20.9869	36.931	19.3852	170.8618
"MT21104"	63.6732	16.5041	29.2795	40.8342	10.2032	168.2182
"MT21111"	58.5697	11.8819	18.0719	29.7267	14.5141	166.5285
"MT21186"	63.6732	16.6431	26.6229	49.5032	11.3392	169.9469
"MT21214"	58.4371	10.292	15.8108	39.2383	13.5741	173.9758
"MT21220"	60.8851	10.7202	16.2134	33.753	9.1334	172.4647
"MT21222"	61.7328	8.4561	13.3796	29.9697	11.7095	174.86
"MT21224"	58.3996	15.7694	22.3471	36.7846	12.5229	170.8636
"MT21305"	57.7922	5.6674	10.0551	24.7506	7.9078	171.0931
"MT21352"	60.8617	11.7304	17.7061	40.4848	14.9705	171.1536
"MT21384"	64.3078	12.7143	18.1556	29.9736	13.953	171.1714
"MT21473"	63.6732	13.5235	22.2097	40.0025	10.408	168.7803
"MT21485"	63.6732	15.6104	21.6264	45.1116	9.1549	167.2803
"MT22071"	58.3996	17.7957	24.7477	47.9199	14.0904	172.4081
"MT22345"	58.3996	18.1918	25.2144	36.6124	13.1365	172.1747
"MT22361"	58.3996	15.2454	21.7226	41.1227	19.3195	172.4081
"MT23004"	58.3996	14.784	21.1711	49.8347	11.597	168.7525
"MT23297"	58.3996	11.4306	17.1158	24.8653	12.2767	173.7525
"MT8849"	77.9883	28.2313	37.5372	NA	NA	NA
"MT9311"	66.6187	27.4029	27.3049	46.3676	NA	NA
"MT9354"	77.848	31.0542	32.9011	37.2213	NA	NA
"MT9360"	66.9213	18.465	21.327	34.3589	NA	NA
"MT9410"	71.1565	29.9074	27.6713	46.4554	NA	NA
"MT9508"	70.5643	22.0128	35.9242	40.578	10.7842	NA
"MT9609"	52.7899	17.2617	25.6271	45.2992	13.8874	169.5123
"MT9874"	63.2434	23.126	29.6869	48.3892	14.4225	174.6712
"MT9929"	62.7813	33.6342	37.4007	49.5055	13.3983	172.0602
"N10"	57.717	13.4171	18.7891	45.823	13.5224	173.6885
"N10-0176"	38.696	3.0944	10.0401	38.3568	4.7019	167.9466
"N86-0348"	65.8407	22.0374	25.6342	NA	NA	NA
"N87-0306"	72.3618	20.5837	24.4807	NA	NA	NA
"N88-0022"	82.1726	21.9022	23.8016	NA	NA	NA
"N88-3136"	58.1363	14.489	21.5724	NA	NA	NA
"N88-3140"	54.0949	22.524	21.9766	NA	NA	NA
"N88-3934"	88.5315	24.335	24.7719	NA	NA	NA
"N89-0562"	81.2235	21.402	20.8972	36.4022	NA	NA
"N90-0392"	77.3618	27.7953	28.1144	57.2287	NA	NA
"N90-0666"	43.9821	10.0167	12.8855	46.6033	NA	NA
"N90-0671"	55.6231	13.4438	16.424	46.6033	NA	NA
"N90-0700"	44.6677	12.0654	17.2132	34.819	NA	NA
"N91-0059"	53.5243	15.8201	20.3083	62.5183	NA	NA
"N91-3057"	94.5349	21.2809	18.0466	55.1089	NA	NA
"N92-0126"	67.6118	20.0063	21.2309	49.987	NA	NA
"N92-0176"	68.3291	33.0498	36.6925	49.0637	NA	NA
"N92-0248"	54.8556	6.1774	11.7854	46.6217	NA	NA
"N92-0434"	70.4081	20.1056	21.9068	45.6724	NA	NA
"N92-2031"	29.4959	3.4343	9.5095	35.2994	NA	NA
"N93-0202"	79.5097	32.0058	27.2759	40.8417	NA	NA
"N93-0211"	68.1572	23.2863	25.8266	37.4981	NA	NA
"N93-0214"	64.6661	16.9581	20.5579	41.0052	NA	NA
"N93-0305"	54.4011	8.5316	9.0271	36.7533	NA	NA
"N93-0331"	67.9801	10.5872	17.001	38.4108	NA	NA
"N93-0351"	55.5338	5.5759	10.3086	39.0619	NA	NA
"N93-0383"	43.6095	8.4544	16.1239	40.4511	NA	NA
"N95-0026"	64.3601	12.5379	19.373	40.0451	NA	NA
"N95-0144"	66.8373	20.3243	28.2226	46.2771	NA	NA
"N95-0204"	64.3601	18.9588	27.1976	54.5271	NA	NA
"N95-0264"	65.3469	17.6101	25.3363	37.4703	NA	NA
"N95-0330"	59.2021	10.679	17.6584	52.1686	NA	NA
"N96-0055"	69.4338	24.0021	27.4169	47.8347	11.0447	171.2962
"N96-0060"	47.0562	14.8015	26.9224	42.6888	NA	NA
"N96-0111"	41.6271	12.1749	25.9714	45.4798	NA	NA
"N96-0123"	40.6024	12.8847	25.7468	46.5897	NA	NA
"N97-0090"	53.6657	9.0365	17.9473	30.6592	7.9551	170.6232
"N97-0100"	67.6778	16.604	23.5172	54.5318	NA	171.1385
"N97-0117"	68.6046	23.667	28.0209	64.308	11.5557	170.6712
"N97-0189"	71.0125	24.067	32.1387	60.0724	NA	170.6385
"N97-0322"	52.9351	14.0828	30.2018	48.1036	9.7116	NA
"N97-0323"	41.2786	9.2933	18.9743	42.1722	9.974	NA
"N97-0324"	27.5768	6.5544	10.7573	40.4635	10.919	NA
"N97-0326"	49.239	4.1312	16.2581	20.4344	7.3343	NA
"N97-2627"	50.8272	11.2071	19.1405	33.4105	NA	173.1385
"N98-0286"	58.2216	21.3192	28.462	48.4038	12.1972	173.1852
"N98-0326"	60.0298	15.1419	19.1705	58.1731	15.9163	172.954
"N98-0328"	52.0035	9.903	20.7682	45.7642	10.5346	172.204
"N98-0439"	54.5281	14.317	22.3099	48.342	7.7187	167.8964
"N99-0010"	57.5116	11.2584	17.379	28.7283	5.4278	168.8757
"N99-0011"	49.076	6.7013	11.3246	29.2388	3.2915	167.5615
"N99-0085"	59.5448	15.3132	21.3085	41.458	9.7678	170.2615
"N99-0157"	34.6872	5.244	11.0105	22.18	3.2443	166.0282
"N99-0241"	54.1132	15.4241	22.4953	49.9535	NA	171.6457
"N99-2234"	36.4512	1.3296	5.754	24.5674	NA	172.9165
"ND-HERON"	56.3255	3.6675	7.1009	22.6038	4.5797	166.6148
"ND-THRESHER"	56.312	7.0816	11.8425	23.5292	9.1469	169.0689
"ND-VITPRO"	44.0937	2.7756	7.0799	19.9598	7.3071	167.7489
"ND03_1-13"	55.6428	4.9314	10.6159	27.1161	5.4193	167.7273
"ND03_1-15"	68.8173	12.3412	16.9664	28.3669	8.1136	169.097
"ND03_1-9"	57.5088	5.7689	11.641	22.6731	7.7582	168.4541
"ND03_3-1"	61.9318	4.6547	9.6525	21.6712	6.4984	168.2764
"ND04_3-18"	68.6421	6.541	10.7462	20.3534	5.1638	168.7273
"ND04_3-19"	62.7186	8.5663	14.169	24.9554	8.923	172.2273
"ND04_3-20"	62.4152	9.397	17.634	22.1633	8.1	170.4309
"ND04_3-21"	61.2656	5.1673	10.4027	16.1069	5.093	167.5243
"ND05_1-1"	57.0942	4.6343	10.6448	16.6161	5.4227	168.2688
"ND05_1-2"	64.8665	7.3208	14.5155	27.8218	9.8729	168.376
"ND05_1-3"	67.2012	15.2321	24.4532	46.2306	17.106	170.4974
"ND07_3-10"	45.8727	1.6734	6.1089	19.7295	3.6522	160.9921
"ND07_3-11"	45.2017	2.5671	6.8008	41.5429	9.0055	162.3532
"ND07_3-12"	45.9503	2.2142	6.4811	29.381	5.9911	161.9087
"ND08_3-11"	51.3664	3.822	8.5909	24.0381	6.1362	160.9921
"ND08_3-12"	43.4889	1.5208	5.3507	24.016	4.5405	162.3254
"ND09_URSN-1"	47.0296	4.7334	9.5466	22.5266	5.5351	170.5103
"ND09_URSN-2"	42.9443	2.813	7.0603	21.0418	4.9889	168.6547
"ND09_URSN-3"	45.7559	4.4516	8.6091	20.0594	5.0416	169.4047
"ND09_URSN-4"	54.8047	4.73	9.1519	18.1198	5.1444	170.4325
"ND09_URSN-5"	55.0622	5.176	9.4451	27.1447	7.9741	169.0991
"ND2603"	35.0353	5.4258	16.6013	31.7865	NA	NA
"ND2604"	47.1495	4.2936	14.7565	43.7872	NA	NA
"ND2710"	19.7397	0.8514	4.3816	19.4182	3.7252	169.3739
"ND2713"	24.1571	1.7224	5.0926	17.0507	NA	NA
"ND2729"	28.154	4.1425	16.4004	36.5688	NA	NA
"ND2731"	NA	1.8072	9.2973	32.704	NA	NA
"ND2736"	37.8654	1.8663	2.4742	20.7489	NA	NA
"ND2763"	NA	0.2671	2.6582	14.5771	NA	NA
"ND2764"	30.8592	0.9789	2.9502	14.6339	NA	NA
"ND2790"	57.2232	3.6286	7.6795	20.3975	8.0713	169.4764
"ND2827"	26.6601	1.957	12.7433	23.238	6.8092	NA
"ND2831"	65.632	3.9929	4.335	24.2418	NA	168.5015
"ND2836"	38.1222	3.5658	13.4286	29.0019	7.3995	NA
"ND2852"	13.7201	2.046	6.3518	21.5585	6.3961	170.6123
"ND2891"	54.4214	5.5185	5.3039	17.815	5.997	167.7236
"ND2897"	34.8747	2.1162	6.0313	18.9886	3.2847	170.1789
"ND2906"	38.0786	4.8575	6.3158	16.6237	5.1936	168.8456
"ND2928"	21.0414	0.6996	2.7974	18.8406	1.3244	171.7649
"ND2941"	63.8652	5.1376	5.4534	19.8458	NA	168.1682
"ND2955"	39.5312	3.8682	8.2798	20.1604	2.1854	171.5949
"ND2959"	43.9333	4.4587	9.2663	23.1875	4.447	169.7956
"ND2978"	34.1804	2.2899	6.9979	22.647	6.6255	166.2297
"ND3006"	38.714	4.3763	9.1888	27.2413	4.942	169.3615
"ND3015"	64.3687	10.2042	15.5545	25.9986	8.2177	168.5708
"ND3020"	42.4171	3.912	12.7742	27.1783	10.0841	166.2651
"ND3035"	56.4729	10.6568	17.2241	37.0257	8.079	169.463
"ND3043"	62.2662	9.9577	15.6711	27.9827	10.3709	168.9964
"ND3044"	45.7554	5.5935	11.2814	17.9104	3.8148	167.9964
"ND3078"	50.2929	6.4515	14.8918	27.6016	7.8728	167.7651
"ND3085"	25.0943	1.522	7.7359	18.7983	4.5164	165.7651
"ND3088"	44.997	3.2686	9.9097	28.6026	5.6449	168.7651
"ND3098"	55.4816	7.0646	15.0753	28.7821	9.0305	167.2651
"ND674"	42.9142	11.347	13.2188	31.5809	NA	NA
"ND675"	25.1124	4.3666	12.8913	NA	NA	NA
"ND681"	20.9605	2.7091	9.3522	NA	NA	NA
"ND682"	46.5547	8.2684	14.1399	NA	NA	NA
"ND686"	40.986	9.9163	15.7654	36.9712	NA	NA
"ND688"	81.0163	14.3132	14.1624	39.1536	NA	NA
"ND691"	32.15	3.6595	9.0752	36.466	12.2603	NA
"ND692"	60.1071	23.0853	27.8774	37.0901	NA	NA
"ND704"	64.1727	18.8537	18.867	23.5522	NA	NA
"ND705"	56.3757	8.767	15.4431	30.8783	NA	NA
"ND706"	59.86	10.638	17.5195	39.6521	NA	NA
"ND709-9"	39.0343	3.3232	13.3406	21.5997	6.6447	170.8565
"ND712-12"	40.9534	5.726	11.0714	29.9038	4.4573	169.2615
"ND721"	45.0374	7.128	21.4557	27.9759	6.5004	170.8232
"ND726"	38.2714	4.5713	16.7687	22.1603	5.7187	170.3898
"ND729"	67.4198	14.3474	24.5073	29.8039	9.5372	171.6893
"ND739"	49.2169	5.6825	13.2575	36.8302	5.187	169.954
"ND740"	44.6756	8.739	16.7323	29.5702	NA	170.1385
"ND742"	67.6778	9.0814	14.6975	28.2813	NA	171.1385
"ND743"	65.7336	13.8155	21.0267	28.2813	NA	170.1385
"ND744"	37.643	1.356	8.4051	17.1319	4.4493	168.704
"ND749"	33.2548	3.1757	10.0908	20.139	6.3986	170.204
"ND750"	52.0035	3.9197	12.0581	22.175	7.1638	170.204
"ND751"	39.5093	2.4086	6.5279	20.6037	NA	172.6457
"ND801"	40.4219	2.5665	7.4007	20.4259	NA	170.9957
"ND819"	59.5704	7.4489	12.5292	32.1635	6.6037	165.2161
"ND820"	52.7203	5.6128	11.9873	23.9032	6.0493	165.4657
"ND821"	57.7322	8.9817	16.5199	25.6504	7.7334	166.2994
"ND822"	47.2461	3.5217	8.4651	25.1505	7.3999	165.8014
"ND823"	40.91	5.9724	12.5635	22.1779	5.6515	166.1827
"ND824"	31.0064	1.8872	6.361	18.1125	4.6211	166.4862
"ND828"	47.0753	4.4242	9.2068	16.8309	6.3927	168.968
"ND830"	48.2689	6.0017	12.0816	22.7767	7.5821	165.3573
"ND833"	43.9442	4.2234	9.2124	21.0581	6.4929	164.0128
"NDHRS11-0244-0001"	56.5975	8.4108	15.8519	21.615	7.8906	168.4723
"NDHRS12-1031-0007"	57.2857	6.7202	14.5048	24.3189	7.0261	166.9316
"NDHRS13-0100-C01"	54.4147	7.0313	10.1017	25.8049	7.744	167.1471
"NDHRS13-0114-C06"	45.658	3.847	8.474	23.7838	7.0094	168.026
"NDHRS13-0121-C05"	49.4833	6.0012	11.8266	20.0558	6.1477	168.526
"NDHRS13-0156-C04"	43.4411	5.0212	9.8391	29.8432	5.2305	168.6897
"NDHRS13-0170-0004"	49.6344	3.7995	8.5248	19.0598	4.525	169.3201
"NDHRS13-0177-0001"	56.6159	5.8506	10.947	25.8018	8.8948	170.1063
"NDHRS13-0215-C03"	38.9688	2.4153	7.6658	24.1314	5.3668	166.8594
"NDHRS13-0309-B03"	36.798	2.5712	7.4262	26.5595	5.6155	172.6897
"NDHRS13-0318-0003"	54.9815	6.2745	11.5493	22.7413	6.6341	167.526
"NDHRS14-0134-C03"	53.4745	9.2027	17.5973	33.041	8.8395	166.8772
"NDHRS14-0134-C09"	56.3057	7.744	14.126	29.3562	10.5572	168.3982
"NDHRS14-0136-C06"	51.9844	6.6673	11.8557	26.7091	12.1852	173.2808
"NDHRS15-0006-B02"	29.1297	2.7544	7.037	20.6584	6.5227	170.7299
"NDHRS15-0006-C29"	56.8716	5.6433	10.1577	19.9491	6.3893	171.2648
"NDHRS15-0006-C46"	51.3091	5.1579	6.5339	27.9152	7.877	167.3221
"NDHRS15-0037-C52"	55.0812	7.4862	12.7194	18.7158	8.3108	173.2344
"NDHRS15-0405-C34"	56.4401	6.5242	11.2263	24.6213	7.3885	171.4049
"NDHRS16-12-19"	54.0496	11.4302	16.3059	26.1277	9.6729	166.4823
"NDHRS16-12-31"	41.2547	2.6503	7.3152	20.6738	5.9236	165.7601
"NDHRS16-12-52"	37.2611	2.8579	6.3575	19.0296	3.6576	167.9101
"NDHRS16-13-13"	59.9928	7.4346	11.9972	27.941	7.1715	168.4798
"NDHRS16-13-29"	59.355	8.1707	13.2523	34.7178	9.3596	167.2483
"NDHRS16-13-89"	40.5795	2.1473	6.6233	21.5625	3.5088	164.7083
"NDHRS16-13-97"	44.8924	3.394	6.6931	33.6066	7.9723	167.4046
"NDHRS16-14-12"	53.8174	4.9368	10.6264	28.3533	5.7355	175.5884
"NDHRS16-14-36"	53.2391	4.3136	8.0073	21.6758	5.9658	166.6424
"NDHRS16-14-41"	72.4765	11.5029	22.8496	27.239	3.9708	169.6283
"NDHRS16-14-91"	52.953	2.8846	8.4493	24.716	5.6234	172.9217
"NDHRS16-15-320"	51.6912	3.0992	6.4989	16.7991	4.0085	167.4697
"NDHRS16-16-654"	60.1829	7.4695	13.5025	32.9959	13.9769	167.8697
"NDHRS16-16-665"	20.2078	0.8038	4.3256	13.0228	5.8475	174.9474
"NDHRS16-16-678"	48.8951	8.5291	13.0304	25.8571	7.8639	168.1055
"NDHRS16RIL-0190-019"	41.6921	5.408	11.2737	24.2014	8.1626	171.2388
"NDHRS17-0149-C17"	56.7281	3.5846	6.0692	26.7558	8.1927	167.5413
"NDHRS17-0596-B28"	49.4733	6.6683	13.6712	28.2106	4.9842	171.6897
"NDHRS17DH-0467-056"	58.9761	10.2001	16.1122	29.5313	10.8275	171.8509
"NDHRS18-0039-B081"	63.6732	6.8943	11.6088	39.0938	11.9127	170.2469
"NDHRS18-0069-B066"	63.6732	8.3854	14.634	35.4839	6.6092	168.6803
"NDHRS18-0069-B077"	57.0492	2.4397	5.452	22.3762	7.168	169.7414
"NDHRS18-0105-B080"	21.7562	0.2864	3.2507	15.9	3.7114	170.7414
"NDHRS18-0178-B057"	56.4978	8.7033	13.9637	21.0206	5.7585	169.6303
"NDHRS18-0180-B101"	53.7024	6.042	10.6903	16.1545	5.7394	168.5303
"NDHRS18-0187-C042"	51.6408	4.9025	7.7069	25.4314	9.9616	168.1803
"NDHRS18-0261-B234"	48.0716	4.2721	8.6698	26.0184	5.7047	169.5192
"NDHRS18-6306-C01"	63.6732	10.6469	17.304	36.2602	12.1438	167.6136
"NDHRS19RIL-0121-212-1"	48.3672	3.2299	7.2524	28.3506	5.0347	167.6303
"NDSURF2398"	59.8563	8.2505	13.8946	48.378	NA	NA
"NDSW0217"	54.0733	25.4658	33.5118	26.0181	NA	172.1318
"NDSW0246"	52.8117	16.51	23.2068	42.2088	10.9053	172.5602
"NDSW0345"	56.6956	13.5371	21.5456	28.9616	14.6512	173.0758
"NDSW0347"	52.5286	7.1628	12.1644	24.7668	NA	172.2151
"NDSW0348"	60.2712	11.1674	18.0759	30.8944	9.7231	170.2537
"NDSW0350"	63.6575	13.1056	19.8034	37.7043	10.9982	168.5342
"NDSW0430"	54.1993	3.3399	8.7422	21.1128	5.6278	169.3716
"NDSW0481"	64.2233	14.6042	22.655	29.8761	12.1001	171.7614
"NDSW0501"	71.6401	9.7908	23.3354	54.4547	13.1123	169.5186
"NDSW0601"	67.2012	15.7554	26.7924	36.2941	19.8331	171.7402
"NDSW0612"	53.6949	10.9681	24.1625	31.4541	13.6168	171.3931
"NDSW0701"	64.8111	7.0765	12.3663	31.4923	8.4854	167.7779
"NDSW0702"	70.2141	15.8465	27.0179	72.361	12.6186	169.3173
"NDSW0703"	65.4643	18.0846	31.4639	67.0059	13.3707	169.0897
"NDSW0714"	50.8311	5.5768	10.6759	22.9664	7.5032	168.751
"NDSW0715"	52.8012	4.8721	9.6656	20.8387	6.4046	169.5692
"NDSW16027"	60.5303	8.605	16.3178	30.4159	NA	168.5699
"NE-108-46"	70.3802	20.8127	29.6777	76.825	14.4599	173.2009
"NE-188-24"	76.9959	30.9455	39.0702	38.2185	15.8311	174.7009
"NH027"	69.9412	8.0532	15.5803	17.9837	4.8216	168.3099
"NH056"	38.0154	1.6288	1.4516	18.678	NA	168.0237
"NH057"	25.4002	3.478	6.8541	17.1645	NA	167.6699
"NH058"	60.5303	4.4777	5.2209	20.375	NA	166.8622
"NH069"	49.0576	5.862	13.6281	22.084	4.8409	167.7679
"NORDEN"	68.3843	10.55	16.6129	27.8051	12.5257	171.3474
"NORM"	57.4773	17.5381	24.1779	56.7892	21.1388	174.4064
"NORPRO"	63.4325	17.9139	21.3477	38.5978	NA	NA
"NP11100135-1"	60.5303	6.5295	10.3997	26.2884	NA	167.0083
"NP11100245-26"	68.1096	14.9049	31.5838	34.8497	NA	166.6775
"NP11100267-10"	64.383	9.0717	17.6547	58.3421	NA	165.8545
"NP11100273-23"	38.0154	4.0564	8.9202	31.9231	NA	165.5391
"NP12100434-20"	42.6847	5.469	10.0623	21.2789	3.7071	168.984
"NP12100509-2"	47.0384	2.7876	4.6954	25.2213	4.6891	166.534
"NP12100602-18"	64.383	3.478	3.5083	24.767	NA	166.0237
"NP12100660-3"	50.2505	5.2677	9.9868	26.2728	7.6227	167.7197
"NP13DD10116019"	39.0126	5.2205	8.7153	28.3593	5.9063	166.2626
"NX95-5106"	72.252	20.0091	24.7214	53.4134	NA	NA
"NX95-5160"	53.942	NA	37.25	48.7832	NA	NA
"OKLEE"	37.2844	7.1265	18.7497	30.1746	NA	NA
"OSLO"	61.8674	19.7867	26.1665	49.1445	11.2158	168.9326
"OXEN"	64.5827	19.9291	19.2033	43.4011	NA	NA
"PARSHALL"	44.8369	6.6404	12.89	28.29	5.9329	NA
"PH986-61"	29.7883	6.8345	17.415	NA	NA	NA
"PI104131"	38.8907	4.1169	9.4288	16.0426	3.9978	168.663
"PI163429"	40.9128	5.6498	18.2655	24.2384	6.7407	168.8568
"PI168727"	48.2715	7.8909	19.2281	28.0286	10.3698	171.8568
"PI182561"	20.629	5.5217	11.3304	34.9292	2.8079	170.0282
"PI185380"	50.9757	8.6722	15.0669	29.5778	5.599	172.9964
"PI185843"	21.1008	2.9387	13.15	19.3142	4.2373	172.8568
"PI189816"	68.7247	17.5049	26.0096	26.6077	4.9211	169.3389
"PI197664"	54.1721	1.1767	4.5755	21.7986	4.4443	167.5889
"PI225396"	60.0521	10.1609	18.4889	22.3629	7.9402	168.5056
"PI264940"	49.1264	5.7042	16.2396	26.8499	5.7964	171.8568
"PI345731"	36.0482	3.579	14.5957	23.5669	5.8627	164.8568
"PI349478"	NA	0.6552	4.9443	19.4748	2.4813	167.2297
"PI350768"	NA	0.1592	3.5418	14.6212	2.3368	167.9964
"PI382140"	14.3944	1.2247	5.3707	20.6423	2.8899	168.2297
"PI382161"	NA	2.6217	7.938	17.4668	1.6667	167.8949
"PI382167"	25.5083	3.2579	7.9663	19.5277	2.7842	176.2615
"PI69321"	11.008	0.9791	7.3317	13.2516	2.5134	170.5889
"PI74494"	52.5154	4.0065	10.5728	17.8934	5.4256	171.8389
"PI81791"	30.036	4.1743	9.2488	19.6903	2.7764	176.9282
"PREVAIL"	23.2414	5.7153	13.5458	35.5078	6.263	167.6979
"PROSPECT"	75.4511	21.1328	26.7093	NA	NA	NA
"PROSPER"	45.7101	5.2659	9.6469	25.5114	7.2347	169.0337
"PT436"	28.7815	7.781	19.3688	25.554	3.8643	167.7009
"PT472"	75.2257	19.8144	40.9229	31.6001	9.2379	166.6252
"RB07"	54.4009	9.4822	15.2914	30.2575	NA	170.8457
"REEDER"	61.9192	13.7547	18.2532	32.5977	NA	167.8808
"RIL39"	25.2165	2.104	7.7798	14.9226	2.0897	167.8032
"RIL60"	44.8803	5.4946	10.6584	18.9376	2.3844	166.9532
"RIL64"	11.2109	1.9815	7.9583	32.3513	2.0216	167.3032
"RIL80"	42.9873	5.9123	9.2463	24.9997	5.8728	169.1532
"RIL83"	NA	1.4183	8.2094	14.6661	0.9776	161.9532
"RL4788"	48.4928	10.2372	18.0868	25.7863	NA	NA
"RL4927"	48.0859	6.7348	11.9958	27.4618	3.9462	167.9282
"RL4958"	71.0125	15.2543	21.6821	30.1738	NA	171.1385
"RL4970"	32.4492	4.2445	8.3308	18.8402	1.9898	170.5615
"RL4972"	55.0995	8.488	13.5864	25.3333	3.5951	167.6949
"ROBLIN"	69.4334	31.1422	39.2424	66.8706	11.5796	169.2683
"ROLLAG"	56.4514	5.9247	10.4034	24.3469	6.0039	170.2848
"RUGBY"	62.9472	15.0321	22.7177	42.9799	12.9512	169.5102
"RUSH"	52.5285	7.913	13.4058	33.5686	NA	169.6318
"RUSS"	50.7323	8.4606	17.096	NA	NA	NA
"SABIN"	48.0833	3.2895	7.7645	23.0738	5.6805	167.5332
"SAMSON"	76.9959	46.7917	56.6737	53.3752	24.4323	169.7009
"SBE0444"	54.2625	20.628	22.9544	NA	NA	NA
"SBF0402"	61.3964	10.534	14.6575	34.3086	NA	NA
"SBF402"	40.6169	NA	4.2545	11.3973	NA	NA
"SCARLETT"	65.8424	21.3847	29.7154	48.3773	NA	NA
"SCHOLAR"	64.7358	22.183	27.9237	40.6597	11.4507	NA
"SD-ADB54"	45.1602	3.9573	14.7818	29.2897	5.4889	NA
"SD-ADB61"	27.7176	0.8367	7.3915	20.2815	6.8687	NA
"SD-ADB9"	27.8074	2.6104	8.6306	20.8433	7.0388	NA
"SD0005"	51.0925	9.1918	19.0465	NA	NA	NA
"SD0007"	40.986	12.9493	21.433	30.4987	NA	NA
"SD0014"	69.8631	21.2809	22.554	41.2619	NA	NA
"SD3056"	36.1572	11.128	24.7719	NA	NA	NA
"SD31219"	55.077	11.3278	22.4455	25.3063	NA	NA
"SD3151"	65.8426	12.1395	15.8846	35.3264	NA	NA
"SD3161"	83.3045	14.1657	13.4539	59.1311	NA	NA
"SD3164"	58.4573	12.0858	17.9546	54.9418	NA	NA
"SD3165"	55.6655	8.3276	12.0534	52.8443	NA	NA
"SD3195"	NA	0.5249	5.3425	29.4061	NA	NA
"SD3236"	50.7753	6.2712	11.8392	24.0671	NA	NA
"SD3247"	52.2073	10.232	22.5164	28.0365	NA	NA
"SD3290"	55.1887	16.0111	21.2091	33.0492	NA	NA
"SD3300"	42.3177	8.8184	14.0538	29.1882	NA	NA
"SD3310"	51.5318	6.1224	11.8705	20.0684	NA	166.5015
"SD3317"	54.225	13.4428	16.0423	27.6758	NA	NA
"SD3330"	73.5173	27.3639	22.2225	33.7081	NA	NA
"SD3345"	45.7376	8.5013	18.7926	24.5103	7.7325	166.7789
"SD3347"	51.4867	7.2635	23.1574	35.0071	7.3824	NA
"SD3355"	62.5018	9.3823	23.4965	49.3988	11.2074	NA
"SD3356"	64.329	19.0605	27.5535	30.68	NA	NA
"SD3407"	56.4948	7.1526	12.3712	26.3274	NA	166.5015
"SD3414"	48.5198	2.5845	7.1118	17.5376	NA	165.8349
"SD3415"	NA	1.0654	6.2403	24.2127	3.0726	166.5123
"SD3423"	41.2259	3.2843	9.2068	21.7717	5.1936	166.5123
"SD3452"	NA	2.438	8.2169	31.5986	9.2177	169.1123
"SD3496"	63.4269	10.4538	19.5889	29.9486	10.2661	167.8893
"SD3506"	65.032	9.4969	17.668	26.9394	10.2426	171.5693
"SD3521"	57.0645	2.7026	3.1508	13.4662	NA	166.5015
"SD3522"	52.0022	4.6878	13.9839	29.3045	9.6446	169.6232
"SD3523"	40.5	2.907	5.6563	21.0008	3.5503	168.9815
"SD3524"	22.5486	3.414	8.6268	18.0914	2.0689	167.6949
"SD3533"	47.2991	6.7845	14.9674	30.7198	8.0327	167.3596
"SD3540"	51.5032	7.692	12.9366	26.6753	8.802	168.753
"SD3561"	44.8934	8.6739	15.1039	32.828	4.2665	165.6949
"SD3562"	30.8987	3.7803	9.3464	26.9896	2.9907	167.0282
"SD3588"	29.6441	3.5078	8.6768	24.5895	2.9083	165.6949
"SD3599"	42.0833	5.1997	11.7095	31.4388	5.6537	166.563
"SD3618"	47.278	2.8223	7.1329	34.7055	NA	170.6957
"SD3623"	45.7565	10.3024	19.0783	30.5206	6.7343	168.704
"SD3624"	45.0912	5.2059	11.5477	23.0125	5.561	166.1297
"SD3635"	51.4604	7.8166	13.5752	27.5659	NA	171.6457
"SD3641"	45.2534	8.6382	16.1105	22.0503	3.7225	166.9352
"SD3650"	28.5051	1.7557	6.2874	21.6063	3.7432	165.3297
"SD3657"	48.3569	11.3352	18.7878	47.5846	11.8611	166.9964
"SD3666"	31.5333	3.5396	8.9927	24.6826	3.5667	167.2297
"SD3668"	49.3385	5.0101	9.5412	42.0663	NA	169.0485
"SD3686"	42.2841	3.861	12.357	28.2675	6.5016	165.2651
"SD3692"	40.1149	2.0794	8.7029	32.615	8.5749	165.2651
"SD3696"	12.9364	0.905	9.2359	18.1084	3.2921	166.7651
"SD3718"	61.7708	14.0024	23.8482	42.4351	8.5989	166.2651
"SD3739"	44.1179	5.068	10.4565	22.1017	5.1661	169.0775
"SD3746"	57.9153	16.4307	23.9122	51.7829	10.3774	169.8713
"SD3747"	50.979	11.9616	18.3632	50.076	NA	169.5485
"SD3754"	61.9549	15.1207	22.0984	35.0992	9.1684	168.4108
"SD3776"	48.2542	4.0757	9.1854	18.7666	5.3393	166.9775
"SD3784"	50.0947	3.7104	9.0206	27.7012	6.5033	170.1775
"SD3854"	11.784	4.3	15.7899	30.8944	4.4876	167.2537
"SD3868"	40.4567	4.5221	12.5311	22.7113	4.5289	170.7273
"SD3870"	23.2134	4.1499	13.0916	26.0997	4.4876	167.2537
"SD3895"	40.7799	1.0414	4.6473	23.4705	3.5656	167.5642
"SD3901"	12.8669	0.043	2.4685	21.134	3.8514	166.8642
"SD3911"	55.7226	3.5209	8.5251	27.2628	5.0522	164.9642
"SD3924"	49.7072	5.2113	11.6817	27.2973	5.9124	166.6198
"SD3934"	NA	0.8671	2.6381	13.3678	3.6755	166.262
"SD3936"	46.9677	1.1947	4.8664	23.3114	4.9607	167.7309
"SD3942"	51.3348	2.1677	6.8578	22.6416	4.592	160.9496
"SD3943"	51.5655	1.4656	5.3863	15.3014	3.819	166.5114
"SD3944"	58.8133	3.9625	9.0929	17.2707	4.04	166.7614
"SD3956"	61.3566	14.0247	22.1472	26.6991	5.7765	166.822
"SD3973"	49.5598	7.1609	13.3225	22.844	2.365	166.1481
"SD3975"	42.3919	3.6152	9.743	21.6588	3.478	163.8148
"SD3979"	43.5344	5.7209	12.199	21.2937	2.1564	166.8148
"SD3989"	33.3102	3.6513	9.5232	24.627	7.6516	166.8148
"SD3991"	57.6911	11.1797	17.6287	24.7586	4.1736	167.1481
"SD4001"	NA	0.5297	4.5719	24.2435	5.4848	169.2009
"SD4011"	26.2073	2.0543	5.0598	23.8971	4.8257	166.1673
"SD4024"	52.4064	9.0658	16.2077	27.0926	6.3677	170.0535
"SD4027"	41.1204	3.0228	7.1769	23.5954	5.2204	164.5247
"SD4036"	58.1576	8.1471	15.9662	36.6605	4.9286	167.5724
"SD4041"	52.8131	1.0015	8.34	18.527	2.8044	163.5953
"SD4042"	60.6938	12.3948	19.4772	17.0128	8.4356	167.5953
"SD4059"	32.4889	2.4235	6.7592	27.3571	4.2713	166.6339
"SD4066"	63.2045	8.6297	14.5624	26.6965	8.0844	170.9287
"SD4073"	45.0811	8.4226	15.8282	16.0928	2.243	170.6493
"SD4076"	67.8398	9.0813	19.4423	30.024	6.4315	164.5897
"SD4112"	57.0801	4.888	8.6537	26.0301	4.234	165.4587
"SD4181"	NA	0.1216	2.0975	20.2097	2.8676	159.6587
"SD4182"	NA	0.2387	3.0217	15.1135	2.5881	161.5199
"SD4186"	13.7552	0.2949	3.2923	17.6138	2.7461	160.2421
"SD4189"	34.4987	3.8259	4.5379	24.1502	7.0458	167.4434
"SD4192"	32.172	1.5665	6.4476	18.367	3.5969	159.5476
"SD4313"	38.752	1.5175	5.3361	26.3535	4.0697	166.6392
"SD4321"	NA	0.6521	3.2347	20.5694	3.4446	166.2888
"SD4331"	46.8179	3.8936	9.1951	35.2706	9.1386	166.8461
"SD4337"	38.2156	4.1389	10.5233	22.6615	6.6661	167.7461
"SD4338"	49.0395	2.035	6.0061	21.2396	5.53	166.9572
"SD4343"	40.429	0.089	1.9126	17.2898	3.3536	170.535
"SD4361"	48.9495	5.1002	11.386	22.0498	3.9978	166.6133
"SD4366"	50.9969	3.8384	8.678	22.0893	4.6163	167.4466
"SD4388"	45.8029	6.2547	12.9732	23.9817	5.089	167.7799
"SD4393"	50.3683	2.6231	7.6981	22.1701	5.4265	165.8905
"SD4394"	45.7827	3.8581	9.7929	19.8765	3.2472	167.2799
"SD4397"	33.3436	2.0237	7.4267	19.6822	4.0209	167.6133
"SD4403"	48.3593	3.8101	9.3515	25.689	4.7786	168.0515
"SD4465"	49.5715	5.1624	11.9314	29.0523	5.8218	164.9836
"SD4471"	31.1529	5.0122	16.9709	25.3067	6.0876	165.2244
"SD4487"	59.1174	14.3227	20.2406	31.7271	9.4219	170.8422
"SD4492"	54.0417	7.4762	18.8897	29.0508	7.9709	164.4744
"SD4496"	38.9936	3.0236	10.6305	24.7319	6.1949	165.5661
"SD4504"	25.013	1.9158	5.6813	24.3732	6.9237	170.7919
"SD4508"	24.9714	2.6676	7.2432	21.3115	6.3868	170.6252
"SD4510"	32.8558	2.3548	6.262	21.7793	5.0058	170.6252
"SD4514"	NA	1.2125	7.0905	22.522	3.8133	171.1252
"SD4518"	50.6276	7.8386	13.5775	23.5374	5.1437	169.3422
"SD4529"	35.8443	2.8931	6.7605	28.9238	6.7712	165.317
"SD4536"	36.4318	6.9279	13.8198	25.4634	5.7213	169.3422
"SD4539"	41.0162	3.1872	8.2961	22.8838	4.7757	166.3377
"SD4541"	49.3988	8.4007	13.629	22.0508	5.2066	169.1756
"SD4544"	44.7959	7.1115	12.5601	37.0195	7.5415	168.1756
"SD4546"	30.8564	2.4713	6.9845	18.7202	3.4034	163.3227
"SD4559"	39.9477	2.2239	6.0993	16.8894	4.1873	171.4011
"SD4579"	38.0315	3.286	8.6791	17.2207	3.6972	165.2586
"SD4582"	36.6349	0.3459	2.6336	11.1129	1.7749	171.9011
"SD4587"	23.6838	2.1953	7.7861	18.1894	6.4287	170.5877
"SD4589"	42.8619	3.6682	8.6419	24.3304	2.3871	170.921
"SD4595"	47.1452	3.4556	7.717	20.4836	6.9272	172.5677
"SD4605"	45.3891	4.9112	10.2483	21.637	5.6422	172.4011
"SD4607"	36.951	3.9151	8.9547	21.2422	3.9688	172.5677
"SD4621"	34.8955	4.3942	10.3368	17.3865	4.8351	171.5877
"SD4645"	45.1501	5.3439	10.9044	21.8211	5.779	170.921
"SD4675"	40.5751	4.2336	10.2003	18.4271	6.3264	176.2543
"SD4691"	33.229	1.8326	5.8564	17.6978	3.5025	169.0764
"SD4705"	19.6125	1.4155	5.1386	14.8899	4.2437	168.9098
"SD4706"	59.355	7.0429	11.0174	44.5515	9.3596	162.8022
"SD4708"	65.4052	6.8041	11.7638	27.7246	4.2544	165.5706
"SD4710"	NA	2.5286	5.6406	19.225	5.2096	167.9098
"SD4719"	52.2587	7.3748	17.058	23.9497	5.6725	167.7168
"SD4721"	9.5797	3.0145	4.4517	26.2332	5.6725	165.6329
"SD4724"	22.0147	1.3921	7.0076	18.9673	3.5302	170.5764
"SD4740"	56.6854	6.4494	11.0702	22.1666	6.0841	171.4474
"SD4741"	41.7262	3.027	7.3064	12.6162	3.2743	169.9098
"SD4756"	44.1493	3.4443	9.6109	20.9604	1.9695	168.5884
"SD4758"	58.3463	19.1134	24.6029	39.4505	11.7229	175.5884
"SD4772"	64.383	6.1093	9.1727	26.3339	NA	164.5545
"SD4775"	68.1096	8.4111	17.4306	25.5635	NA	169.2006
"SD4787"	37.0569	2.1151	10.3412	18.9687	2.898	168.5884
"SD4816"	64.383	4.8734	7.0656	24.5731	NA	168.816
"SD4819"	33.7171	2.2436	7.2133	19.1775	2.2633	171.5884
"SD4822"	49.1563	6.442	13.7242	25.1475	7.4935	170.5884
"SD4834"	50.8594	2.2707	5.5242	22.8565	6.4728	171.2808
"SD4848"	48.1298	5.1694	9.1944	19.9382	3.6286	171.026
"SD4852"	43.7691	2.5821	5.2888	19.7871	5.3027	166.334
"SD4859"	45.4057	4.8647	9.2488	26.3259	6.6249	171.1141
"SD4865"	55.6515	4.9553	9.2176	29.8021	6.8616	171.7808
"SD4868"	57.764	6.0589	10.452	22.9993	5.4926	174.6141
"SD4871"	43.2821	4.17	12.2631	24.7971	8.0317	172.8509
"SD4893"	48.9788	4.5014	8.7287	22.2166	5.8345	166.5285
"SD4894"	48.3241	4.5299	6.5991	22.9919	4.5102	165.4441
"SD4904"	46.7506	7.7232	16.943	27.0484	6.7019	168.1609
"SD4905"	53.1619	5.7468	9.6677	31.3201	8.3307	166.3283
"SD4915"	63.7141	5.1529	8.0469	27.8427	5.5177	166.1483
"SD4917"	41.1347	5.6951	10.9086	15.9495	4.5592	171.526
"SD4924"	57.6535	10.3778	16.1168	35.2659	5.4214	165.6951
"SD4926"	58.6597	4.2695	7.2137	20.1979	5.9255	175.6927
"SD4930"	52.5151	6.2336	8.89	33.6635	6.8025	168.6398
"SD4933"	44.0492	4.9757	12.5271	19.5097	4.3442	173.1842
"SD4934"	49.0576	5.4121	10.4482	22.084	6.2103	168.8225
"SD4947"	46.5423	7.2793	11.8591	23.8279	4.0078	173.526
"SD4949"	67.5117	8.8529	19.0979	30.9071	11.4481	169.8043
"SD4950"	29.6074	4.7006	9.0854	15.8281	6.7072	177.526
"SD4968"	47.9844	6.1094	10.5975	23.2642	6.2969	172.0175
"SD4976"	34.7554	4.0309	8.9004	34.7887	9.8484	170.6842
"SD4991"	45.0781	4.5289	8.4432	20.4447	3.2203	170.8509
"SD5012"	54.854	7.5406	13.5793	35.2724	7.9714	171.3509
"SD5030"	54.0048	5.4521	10.0863	34.5712	4.838	167.0285
"SD5038"	47.6954	6.0065	11.5285	35.07	8.8692	168.8618
"SD5050"	58.3996	11.0902	16.6986	20.2782	5.7997	167.9636
"SD5051"	58.5697	5.7292	10.1806	31.0206	6.688	166.3618
"SD5082"	63.6732	7.4486	12.2919	26.8595	10.1733	169.2803
"SD5090"	63.6732	7.1807	12.1341	38.4187	8.176	169.3259
"SD5096"	63.6732	8.4561	14.7402	37.5949	10.2478	169.1136
"SD5101"	48.2131	5.4156	10.1215	23.6337	7.0771	172.7826
"SD5103"	63.6732	5.7604	10.1743	41.2817	10.311	170.1803
"SD5117"	50.5315	5.9117	10.9332	21.9286	2.7788	170.9088
"SD5119"	63.6732	6.9833	11.8426	21.6052	6.346	170.0803
"SD5127"	46.0805	6.4054	12.3204	26.3477	6.6267	170.008
"SD5131"	59.7225	4.1397	9.2455	34.2938	7.7811	169.5136
"SD5132"	60.1275	9.0291	14.3298	24.3677	9.0522	176.4271
"SD5145"	60.97	6.1392	10.4792	20.4686	4.4618	172.9636
"SD5153"	38.2496	1.7822	5.3859	15.7131	4.913	174.6303
"SD5158"	49.1414	4.4899	8.9023	14.3899	3.6125	166.8414
"SD5159"	53.8341	9.5726	15.2349	21.1132	5.7029	173.7522
"SD5193"	53.1505	3.7169	7.468	20.9896	7.6894	173.1858
"SD5195"	57.4295	4.4683	8.315	20.7	8.2116	169.9636
"SD5203"	49.1414	1.1788	4.0334	14.5067	6.7421	174.9636
"SD5223"	48.0493	2.114	5.6571	22.8299	7.8147	171.7414
"SD8070"	50.0649	8.8238	13.2041	NA	NA	NA
"SD8072"	50.2197	9.5645	14.1758	NA	NA	NA
"SD8074"	12.7527	5.191	20.314	NA	NA	NA
"SD8088"	76.3914	22.6015	24.5277	35.9767	NA	NA
"SD8089"	45.336	4.828	12.0456	27.4658	NA	NA
"SD8108"	56.0819	9.627	12.8221	27.021	NA	NA
"SD8114"	10.3822	0.769	11.634	21.3516	NA	NA
"SD8119"	49.9224	10.4365	18.363	35.8435	NA	NA
"SD8670"	22.0984	4.1601	14.8131	NA	NA	NA
"SD8872"	54.0503	16.9289	29.339	NA	NA	NA
"SD8973"	40.3403	8.2684	17.0291	NA	NA	NA
"SDM50005"	64.5361	22.7089	26.079	42.2811	NA	NA
"SELECT"	40.9959	2.7618	7.7705	20.6079	4.9884	165.8363
"SH1"	61.086	15.0203	21.8322	27.9603	10.4233	178.1361
"SH2"	47.5167	11.0733	19.6458	44.0852	10.4141	174.3028
"SH3"	65.4686	11.3002	16.4833	44.9805	8.1491	171.6361
"SHARP"	83.9278	33.9231	38.6387	NA	NA	NA
"SHARPSHOOTER"	62.2655	11.7693	16.7165	23.1634	NA	NA
"SHELLY"	48.7712	3.3114	8.026	28.1898	3.235	169.9485
"SNOWSTAR"	40.5512	9.065	19.0183	25.8493	11.1296	166.8148
"STEELE-ND"	57.9266	12.2888	17.1995	32.9262	7.1743	171.3531
"STEPNJACHKA"	60.1483	11.9998	16.3653	29.7526	11.152	172.8442
"STOA"	50.985	11.2411	16.8504	38.4676	NA	NA
"SUMAI3"	22.6417	0.9163	4.3583	NA	NA	NA
"SURPASS"	52.7917	6.5469	17.7768	25.8919	8.6826	165.6245
"SWP965-001"	48.3965	9.7036	16.9253	43.6976	NA	NA
"SY-ROWYN"	53.9478	8.0023	18.7212	27.5505	7.3401	167.5685
"SY-SOREN"	68.2106	8.9151	12.6219	19.4192	5.4613	168.6914
"SY-VALDA"	75.2257	8.1615	13.371	24.1502	7.5155	168.3797
"SYMCCLOUD"	60.2741	11.0856	15.4812	25.6689	9.2569	167.3768
"T1052"	73.4454	18.597	20.6205	26.8506	NA	NA
"T1105"	78.5421	45.7409	47.5569	41.6066	NA	NA
"T801.93"	73.7019	23.8822	27.085	36.1939	NA	NA
"TARA_2002"	53.3699	16.2	28.3895	43.9041	NA	NA
"TOM"	53.2305	8.4809	14.5322	24.3434	7.8653	170.6322
"TR983-239"	68.3069	16.6241	21.2819	NA	NA	NA
"TRAVERSE"	46.2443	3.7438	8.9348	34.0988	6.7314	170.1623
"TRENTON"	36.9615	6.9721	14.6116	31.5809	NA	NA
"TROOPER"	60.1138	13.4932	20.6545	35.0945	10.8289	167.3931
"TX92U2317"	68.8172	16.4113	18.44	40.0502	NA	NA
"UISTONE"	58.8825	14.9187	21.6249	28.4091	14.0446	172.7543
"ULEN"	60.7601	12.1684	21.7677	36.7342	13.0185	169.7693
"VANTAGE"	56.1549	6.669	13.2381	17.4901	6.7313	175.2009
"VERDE"	56.7816	12.3512	21.311	36.8603	9.4388	168.9971
"VIDA"	57.4097	14.329	20.803	37.3597	11.6444	173.9474
"WA007839"	47.2047	15.633	27.3909	34.814	NA	NA
"WA007914"	67.1466	38.0386	33.8347	55.361	16.5836	172.704
"WA007925"	61.6704	19.2784	26.0009	45.1704	NA	169.8457
"WA007931"	53.1511	21.8858	30.9107	33.6093	NA	173.0457
"WA007957"	79.9304	26.235	32.0797	33.1147	11.9669	175.2537
"WA007998"	76.9959	29.7743	37.7529	53.3752	15.2079	168.7009
"WA008013"	61.3566	11.1576	18.5022	26.6991	13.933	170.322
"WA7802"	68.4321	21.7322	28.1471	54.3046	NA	NA
"WA7839"	72.9451	18.1398	29.3055	36.4801	13.3819	170.1898
"WA7859"	66.0037	15.862	25.8483	44.1977	16.0413	170.7093
"WA7875"	62.7169	13.1651	20.5443	28.1022	NA	169.1385
"WA7899"	72.687	19.1494	26.0604	43.2583	NA	171.1385
"WALWORTH"	54.1922	7.7238	17.8949	23.2432	7.077	168.2898
"WASKADA"	61.6934	8.3134	12.6498	25.2113	6.3823	168.8754
"WB-DIGGER"	64.6117	17.3386	42.0781	45.3318	15.2501	169.1069
"WB-LYN"	63.3097	21.0419	26.6104	37.3902	12.7246	171.2428
"WB-MAYVILLE"	64.6117	22.1884	41.1595	39.8759	5.2876	167.9095
"WB-PIVOT"	72.6767	21.9373	28.1462	47.4253	19.76	169.7842
"WB9209"	48.5263	7.9651	12.0941	25.5739	5.9233	168.6532
"WHEATON"	63.801	24.8452	32.196	69.1559	18.124	173.327
"X00009-16"	51.5642	4.4093	10.2865	24.1804	5.9757	170.2017
"XW397A3"	70.031	17.4369	22.5412	NA	NA	NA
"XW398A4"	60.0793	16.6122	30.8444	NA	NA	NA
"ZEKE"	68.5802	20.4499	33.2266	61.2855	NA	NA
"21NP005782"	NA	5.6524	NA	NA	NA	168.3296
"22NP900043"	NA	8.8634	NA	NA	NA	168.6596
"22NP900045"	NA	11.5779	NA	NA	NA	167.6096
"LNR15-0763"	NA	0.033	NA	NA	0.8028	NA
"LNR15-1445"	NA	17.1696	NA	NA	6.3424	NA
"MN19104-2"	NA	6.606	NA	NA	NA	174.8296
"MN19239-1"	NA	8.5761	NA	NA	NA	169.9796
"MO3_3-23"	NA	5.3642	NA	27.4522	NA	171.1966
"MO5_1-2"	NA	11.9365	NA	27.4522	NA	166.6862
"MO5_1-3"	NA	8.2738	NA	37.2829	NA	169.2138
"MO6_1-23"	NA	3.2454	NA	22.0126	NA	166.0779
"MO6_1-24"	NA	4.8552	NA	34.0115	NA	166.1279
"MO8_3-4"	NA	3.9187	NA	NA	NA	166.2592
"MT2050"	NA	14.6069	NA	NA	NA	167.8596
"MT2063"	NA	12.9304	NA	NA	NA	168.4096
"NDHRS17-0346-B11"	NA	5.9902	NA	NA	NA	166.3696
"SD4944"	NA	3.0283	NA	NA	NA	172.4596
"SD5072"	NA	8.8634	NA	NA	NA	168.5696
"SD5080"	NA	8.9355	NA	NA	NA	168.3096
"AKFASTRO"	NA	NA	NA	72.8599	56.2381	172.4839
"NDFROHBERG"	NA	NA	NA	23.0948	7.281	171.8639
"1FILLER"	NA	NA	NA	NA	NA	166.9557
"2FILLER"	NA	NA	NA	NA	NA	166.2557
"CDCSKRUSH"	NA	NA	NA	NA	NA	167.9914
"COTEAU"	NA	NA	NA	NA	NA	170.8399
"FALLER"	NA	NA	NA	NA	NA	169.4099
"HRS_3419"	NA	NA	NA	NA	NA	168.7456
"LCSTRIGGER"	NA	NA	NA	NA	NA	175.5908
