"GID"	"YLD"	"PROT"	"TWT"	"TKW"	"HD"	"PH"	"LODG"
"00S0211-29-4"	3817.8004	13.6185	79.3437	39.9282	179.3165	75.6318	38.6227
"00S0292-14"	3691.4504	13.9835	79.7104	41.5425	182.5742	70.9184	11.9355
"01M88"	3492.2267	13.1441	79.6003	32.6067	183.0424	73.422	51.5119
"01M96"	3360.2267	14.2388	82.0253	37.3317	178.8757	82.2553	36.1888
"01M97"	3014.2272	14.3752	81.0414	35.8487	177.5249	81.522	53.9242
"01M98"	3450.0625	14.0085	78.3885	40.7821	178.8106	83.2867	99.6438
"01S0236-6"	3173.0596	14.789	79.7736	34.7646	178.5271	69.2503	8.0775
"01S0263-29"	3665.481	13.6835	78.0019	35.5415	177.9994	70.6314	8.3797
"01S0377-6"	3466.439	14.3257	79.8925	33.3364	179.5698	69.8478	17.0887
"02S0091-9"	3322.9131	13.8193	78.421	30.7256	180.7432	70.1283	1.6854
"02S0170-3"	3364.5064	13.792	80.011	35.6756	178.8125	71.6997	6.0791
"02S0178-1"	3436.6652	13.6813	80.3181	33.8646	180.6771	71.5614	6.9281
"03S0119-12"	3558.2531	14.092	80.4776	39.6256	180.1355	75.3725	17.9997
"03S0352-22"	3511.7264	13.9102	78.2176	33.2256	180.3663	73.9497	15.2699
"05MSP5"	3324.0556	14.4179	80.6142	36.2185	180.4832	78.0086	160.1518
"05S0157-4"	3651.4934	14.2978	80.337	37.5676	179.8409	77.9281	24.9581
"05S0242-6"	3704.6934	14.0978	78.1279	35.4676	180.0681	73.9681	24.9581
"06MSP3"	3582.1598	15.0335	79.0389	40.8682	177.9491	71.2188	17.0004
"06S0157-1"	3676.2858	13.8089	78.1006	32.0676	182.1409	71.8981	24.9581
"06S0327-1"	3696.9319	13.9311	80.2006	36.8176	180.4045	76.4081	24.9581
"09FSP3"	3847.2864	13.292	79.8643	33.1756	183.7048	74.6468	4.0965
"09S0306-24"	3415.2381	14.3899	79.0001	37.265	181.143	75.8902	9.0048
"09S0311-5"	3660.035	13.3518	78.898	35.0315	180.4095	70.4511	12.9897
"10S0012-16"	3811.0208	14.17	79.648	37.0565	179.5952	78.044	10.6193
"10S0068-11"	3391.0714	14.2745	79.4376	37.14	181.1892	70.7652	4.3432
"10S0068-2"	3294.1228	14.7558	79.4725	34.7608	180.6713	71.5653	5.1249
"10S0093-20"	3573.2493	14.0881	79.2551	35.1315	180.0238	69.3011	13.7593
"10S0158-15"	3717.2647	14.0668	80.5189	33.765	181.2892	77.3152	4.8731
"10S0176-18"	3646.5647	13.9822	80.4939	36.665	180.1661	72.909	10.4989
"14X111-106-3"	3507.5394	14.0412	80.8462	39.2585	183.1995	81.5517	73.2634
"16BCS0001"	3580.5241	13.9453	79.7579	34.3942	178.2189	77.1865	73.3404
"17BCS01"	3628.8154	13.9579	78.0895	34.5681	179.1381	73.7295	24.0171
"17BCS02"	3586.8737	12.1801	77.9395	35.7681	182.8238	77.9128	14.5832
"17BCS03"	3747.9487	13.4801	78.2729	34.4681	183.2238	75.3378	5.8057
"17BCS04"	3624.3404	13.9801	79.2312	36.0681	179.1238	75.7712	17.0028
"18BCS01"	3617.0381	14.0437	80.6501	34.565	177.7969	80.459	29.5898
"18BCS02"	3692.6514	13.6053	79.8501	32.84	182.5661	74.8152	4.8731
"18BCS03"	3691.2981	14.3437	80.3939	31.84	183.0661	73.1965	9.7232
"18BCS04"	3992.4114	13.4899	78.7689	30.015	184.8584	75.734	5.4678
"18BCS05"	3723.5247	13.3053	78.4626	33.765	183.7199	75.6652	1373.4379
"21NP005734"	3533.7351	13.5261	78.8715	34.0209	179.7071	74.6466	12.7796
"21NP005739"	3775.8351	13.8594	78.8144	35.7209	181.8763	71.5252	8.7067
"21NP005744"	3380.3423	13.6678	78.543	32.3209	180.4225	69.7752	5.7085
"21NP005782"	3613.4623	13.8755	78.6536	34.2292	181.6695	NA	88.2204
"22NP900043"	3533.5341	13.4855	78.2263	31.9292	181.9995	NA	39.4066
"22NP900045"	3839.8159	13.5555	78.2718	36.6292	180.9495	NA	33.1565
"22NP900047"	3909.0854	13.1432	77.7299	36.6292	182.0954	71.2287	58.7117
"22NP900048"	3853.9415	13.5128	78.5549	33.3292	181.143	77.1518	25.9525
"2370"	3118.2885	NA	78.787	39.4063	179.6063	82.9604	46.5193
"2375"	3424.3519	13.8705	79.6951	39.0727	180.2764	82.159	617.3344
"2385"	2869.0865	NA	77.2256	35.2011	178.8471	83.0194	18.7271
"8601AE3C"	2775.6347	NA	80.0633	NA	186.3376	97.4506	1293.9096
"9023-FM04C"	3475.4366	12.0992	77.0917	32.7729	182.4854	79.6804	18.6955
"960404-03"	3601.2946	13.7761	79.4004	35.8804	180.0577	71.4378	56.0737
"96S0356-15"	3427.8683	13.6501	80.6724	34.6804	178.7452	74.2273	29.2029
"96S0404-03"	3531.9271	13.7572	79.6724	33.7066	179.9386	69.1304	19.3288
"97S0254-8-1"	3483.0546	14.4165	77.9728	39.9076	183.8926	76.5567	43.3645
"98S0051-1"	3494.2521	13.9772	79.2724	37.1566	181.3386	78.1304	8.9716
"98S0051-1-14"	3659.0706	13.917	80.4742	38.4935	179.4832	74.9586	33.8479
"98S0113-20"	3414.3603	14.5398	80.9451	36.5763	178.7316	72.049	67.227
"98S0113-20-23"	3379.9956	14.9143	80.6242	36.6185	177.761	70.2586	40.2283
"98S0191-22-2"	3009.0499	14.097	78.8727	37.6532	179.7391	84.4936	31.0971
"98S0191-60-8"	3300.3452	13.9481	78.4199	34.5346	181.4871	87.8666	572.9098
"98T311"	3116.327	13.9836	77.5021	35.8977	182.9201	82.4531	25.0147
"98T379"	3308.6064	13.2563	77.9771	35.3977	184.5534	81.3319	45.5194
"99S0006-2"	3421.8946	13.7341	78.9731	36.0083	179.7874	74.1914	31.2661
"99S0051-3-1"	3560.9946	13.9613	77.7856	35.9083	182.1446	74.5039	31.2661
"99S0362-21"	3417.3556	14.1089	80.6792	38.0935	179.9276	69.6086	33.8479
"AAC_HODGE"	3638.255	14.38	80.0253	NA	180.3189	83.5441	43.5612
"AAC_SPIKE"	3589.5966	14.38	79.6022	NA	179.3826	71.8672	10.2454
"AAC_WESTKING"	3830.0216	14.1877	79.356	NA	181.8917	75.1826	9.9139
"AACBRANDON"	3491.7433	14.4687	79.48	36.1251	181.3514	80.3051	44.1131
"AC-MAJESTIC"	3025.8356	14.9017	78.4105	34.4484	182.9858	90.1318	184.7575
"AC-MINTO"	2693.1104	NA	75.954	NA	182.9218	97.9414	2266.8738
"ACBARRIE"	3007.4068	NA	79.5451	35.7939	179.5724	88.9226	91.4055
"ACCORA"	3207.74	NA	79.0522	32.7939	181.7483	96.9894	981.0496
"ADA"	3323.7917	14.3745	80.9052	39.6477	180.1201	76.2107	41.5141
"ADVANCE"	3436.5597	13.5556	80.3843	35.4006	180.9278	77.4668	17.9997
"ALEX"	3075.3484	NA	79.3445	35.5195	182.1593	95.6241	1419.9016
"ALSEN"	3205.4511	14.6876	80.2252	36.6422	181.101	78.8477	20.0904
"AMIDON"	3349.0883	NA	78.198	36.632	181.314	93.7005	269.4403
"ANGUS"	2945.1877	NA	79.0229	37.2276	182.439	81.1039	129.434
"APGUNSMOKECL2"	3610.9123	14.1769	79.3725	38.4076	180.8739	75.3145	6.3803
"APSMITH"	3576.7665	14.1244	79.0007	35.7742	182.2067	73.9929	9.7678
"ASCEND-SD"	3644.874	14.0412	78.5193	32.7919	182.0995	79.3709	27.5351
"B91-0228"	3132.9387	14.3367	80.545	42.1416	181.6009	72.8543	12.7302
"BACUP"	2605.4262	NA	82.6475	38.4484	177.1096	82.2665	170.3616
"BB34-CK-1-B-17"	3496.7589	14.2592	78.6356	38.398	181.7601	87.9028	121.7155
"BD94BD0248"	3399.2189	13.8046	77.7156	38.398	182.3678	90.4761	38.4898
"BIGG-RED"	3266.1618	13.5048	82.4689	35.9194	181.7467	86.1725	187.4171
"BIO-10200"	4502.8175	12.1364	79.8267	35.202	184.8231	80.5845	5.6039
"BIO-10550"	4388.9855	12.9423	77.3547	32.852	183.384	73.0405	0.5039
"BIO-10588"	3874.0975	12.0834	75.2427	33.277	184.5579	62.4845	0.6123
"BLADE"	3370.2798	14.7935	81.5189	36.9932	182.2568	80.9521	32.3935
"BOLLES"	3584.3132	15.193	79.0315	NA	182.9575	80.049	NA
"BONANZA"	2786.5804	NA	75.9497	35.4039	180.6936	75.2563	208.431
"BOOST"	3437.6437	14.3202	78.6423	37.2522	182.9091	82.0676	55.04
"BORAH"	2871.3571	NA	74.9695	NA	179.7209	75.691	207.3886
"BOUNTY_208"	2824.5196	NA	77.7729	34.8539	178.2311	70.9254	615.6905
"BRAWN-SD"	3855.0456	12.8066	81.3844	35.4741	180.856	78.5999	58.2008
"BREAKER"	3503.0531	14.2735	81.5055	37.6932	182.103	80.6854	37.1927
"BRENNAN"	3794.7264	14.3435	80.8389	36.3682	178.5645	72.2854	26.9438
"BRICK"	3722.8646	13.9446	82.3154	37.4856	176.9913	83.6547	117.8257
"BRIGGS"	3491.7355	14.1981	80.1199	37.0346	178.2649	82.2214	78.8039
"BROGAN"	3532.5877	14.4135	79.7086	35.6415	180.9994	75.5847	11.5672
"BUTTE"	3033.8782	NA	79.4344	35.6046	178.6858	89.6243	603.669
"BUTTE86"	3230.4072	14.295	79.3828	38.7421	178.5464	86.8512	101.2069
"BW1025"	3452.4897	14.3719	80.2082	36.3783	179.0754	91.9347	91.0758
"BW1027"	3196.9358	14.9164	80.0082	34.7783	181.7481	89.9731	244.3286
"BW1045"	3302.8779	14.5609	78.798	37.3065	179.4238	84.1725	13.7593
"BW1046"	3442.8565	14.0791	79.3837	36.2315	180.981	88.2154	86.8156
"BW1048"	3564.6136	14.4245	79.6122	36.8565	180.381	84.094	251.8243
"BW1049"	3599.1243	14.4708	80.4474	37.0944	180.7609	84.1543	60.4839
"BW1053"	3534.2514	14.6053	80.9314	38.415	181.1276	82.8402	41.7967
"BW1054"	3503.3914	14.2207	81.7913	34.765	179.5815	83.409	17.967
"BW1067"	3781.5285	14.4131	79.6965	39.6488	180.3931	83.3183	27.4153
"BW1069"	3627.1719	14.5464	80.3152	36.2238	180.2585	84.4907	19.7845
"BW1094"	3491.6578	14.1399	78.441	34.7272	180.7295	81.3454	54.9743
"BW114"	2814.1314	NA	77.3611	34.4063	182.3461	93.7944	843.0617
"BW150"	3060.5251	NA	78.3854	32.7939	181.2701	97.4294	289.3153
"BW174"	3193.044	NA	79.3231	NA	182.2572	90.1012	357.4944
"BW191"	2836.7892	15.2508	77.5801	35.7607	177.6051	89.9693	140.6519
"BW252"	3235.8511	14.1876	77.3127	34.6422	180.901	82.8477	75.5072
"BW259"	3238.4205	14.7803	79.0289	37.1532	180.4724	90.4936	155.8545
"BW270"	2951.3549	15.2731	79.5799	37.1346	181.1168	95.1892	1413.8195
"BW306"	3076.1919	14.9085	79.7414	43.0154	180.8106	87.5808	66.1717
"BW307"	3002.5735	15.0261	75.4636	39.7804	183.3702	97.1746	1706.4471
"BW313"	3027.239	15.3752	78.0591	38.8821	179.7392	95.1102	539.242
"BW314A"	3183.7788	14.8861	78.5951	38.6804	179.3702	98.7536	1842.5792
"BW341"	3176.9706	14.5709	80.0241	36.2566	181.7998	91.3617	968.7341
"BW342"	3337.6006	14.5516	80.5892	36.7685	179.5943	85.7586	107.0365
"BW346"	2686.064	14.6932	77.5907	36.8066	181.8712	92.5617	4855.1716
"BW361"	3124.3321	14.4613	78.2044	37.0083	181.0017	83.9831	151.6309
"BW364"	3021.0884	14.7431	76.9981	34.3416	181.716	91.8789	161.9418
"BW365"	3171.961	14.5835	79.6219	33.5081	181.2455	94.2647	504.9246
"BW367"	3091.0759	14.925	76.8231	36.1749	182.2874	90.5872	116.5472
"BW379"	3354.5056	14.7252	81.5642	37.1185	177.5387	80.9086	160.1518
"BW396"	3334.841	14.4635	78.5152	36.4081	180.5763	87.0247	191.967
"BW415"	3464.9476	14.7722	79.8836	37.825	180.2378	91.9884	352.2885
"BW427"	2993.1464	14.6738	78.4243	38.3506	180.5586	84.2325	26.7113
"BW430"	3277.5543	15.0435	80.7886	38.4415	181.0994	103.9714	1671.9626
"BW431"	3641.9331	14.4829	79.6443	36.8256	181.2125	89.0497	76.531
"BW483"	3546.453	14.8697	80.8302	37.924	180.0464	93.4711	54.8116
"BW485"	3696.7811	14.4789	79.3021	40.0615	181.0446	92.8348	33.5282
"BW499"	3277.554	14.314	78.4741	36.5188	179.4782	86.8215	188.5692
"BW5043"	3029.5903	14.4346	80.282	34.7939	183.5815	78.196	17.967
"BW5060"	3558.1123	14.2315	77.9792	35.6326	181.8355	76.576	30.7734
"BW5095"	3504.6966	14.0877	79.9714	NA	181.9371	79.0441	16.2378
"BW688"	3012.2668	NA	77.5214	NA	182.8792	92.1665	69.0214
"BW693"	3081.9495	14.7156	77.32	38.2854	179.1157	89.6656	72.3714
"BW748"	2865.1452	14.5876	75.6064	35.6422	180.8344	84.9727	100.6904
"BW828"	3249.7888	15.2065	78.9792	37.3832	184.1351	82.8888	11.7401
"BW864"	3674.4606	14.6416	80.6342	39.4185	179.0387	79.9586	60.191
"BW873"	3374.0131	14.2035	79.1655	36.3432	180.1799	90.6854	37.1927
"BW897"	3396.5677	14.5935	81.0152	36.3415	179.5609	78.6314	22.0408
"BW914"	2754.4656	13.8682	75.6156	33.4313	182.5678	91.5561	229.2693
"BW928"	3463.0079	15.0284	79.7169	37.5506	180.7035	78.4161	2.0905
"BW961"	3396.5449	14.594	78.3378	37.3688	179.6004	76.9942	22.8457
"BW994"	3543.8666	14.2386	77.739	36.3116	181.5027	77.4578	17.015
"BZ-998-447W"	3427.6009	13.7567	74.5162	40.2312	179.2259	82.2116	68.2572
"BZ-999-592"	2367.2946	13.8886	71.6544	35.0416	182.9303	81.6706	623.8402
"BZ901-543W"	3681.8916	13.5326	78.8662	41.5401	179.0943	80.981	478.1145
"BZ901-658-J"	2603.663	15.2367	76.6367	32.4907	177.4771	70.6814	10.3059
"BZ901-678-G"	2703.0693	14.1549	77.9805	30.5907	181.5708	65.9251	7.8178
"BZ901-717"	3124.541	14.1335	77.0886	39.7748	177.9378	77.9647	40.1076
"BZ903-513W"	3131.3198	13.3835	79.3855	39.7182	180.103	79.9521	14.8067
"BZ984-334"	2923.9873	NA	72.7188	NA	177.671	72.9769	35.0944
"BZ986-345"	3033.8359	NA	77.672	NA	178.3112	76.4566	36.8383
"BZ988-351"	2713.8084	NA	71.8022	NA	183.5599	65.7137	5.7797
"C982-324"	2374.2449	NA	75.273	34.9026	183.9622	77.3573	16.6922
"CA-901-580W"	3146.7896	13.7372	80.5912	40.1066	178.4719	90.2554	1046.015
"CA-901-712"	3230.5508	14.7752	79.9532	37.2821	176.2392	72.5808	153.9357
"CA-904-742"	3327.1321	15.0068	82.3794	32.7416	184.216	74.4831	18.4715
"CA-904-743"	3410.8759	13.9341	79.9231	32.5416	179.8588	76.0456	39.3617
"CA-905-751"	3225.2506	14.3679	76.3842	37.5935	183.9276	69.5086	50.6445
"CA-907-824"	3183.601	14.6635	80.1619	31.2081	182.0994	72.5447	4.605
"CA-907-834"	3491.4277	14.3635	80.8752	38.9415	180.9994	75.6914	10.0746
"CA-907-835"	3346.4677	13.4735	79.1219	37.7415	181.0301	81.9781	11.5672
"CA-908-801"	3321.4596	14.2428	81.1736	36.6646	179.9896	67.9114	7.7734
"CDCSKRUSH"	3464.5613	14.1522	78.3753	NA	180.9772	83.7103	NA
"CENTA"	2865.7499	NA	79.2359	35.1737	177.7664	89.5645	1044.2638
"CHRIS"	2475.2005	14.8359	77.2645	33.1789	182.8636	97.8291	43453.4123
"CI982-309"	2601.4295	NA	71.5594	NA	184.6571	82.7836	9.3988
"COTEAU"	2660.9498	NA	77.2581	36.665	183.6864	93.1369	416.2476
"CROMWELL"	3424.5578	14.5737	80.6103	36.0676	183.0725	79.8067	246.0255
"DAPPS"	3168.0623	15.5109	78.8771	36.6477	181.2201	92.1198	428.0844
"DRIVER"	3735.4435	13.7016	80.4566	35.9608	180.5963	81.0686	16.2065
"DUCLAIR"	3457.5848	13.7753	76.667	35.551	180.1125	78.4271	28.4184
"EDGE"	3252.8596	14.6043	77.9069	36.1646	180.6646	77.2448	29.7814
"ELLAR"	2721.2382	NA	77.2019	38.4814	180.3848	94.3561	306.1064
"EMBER"	3479.1973	13.6032	80.7982	34.1521	178.6934	82.6113	169.1028
"ENTRY_221"	3319.4209	13.0761	77.932	39.5804	180.8077	81.0694	82.305
"ENTRY_241"	3588.9314	13.0161	74.7951	40.5804	181.4952	83.2799	231.967
"ENTRY_264"	3645.0999	13.4361	77.4373	41.1804	180.9952	83.1746	135.5479
"ERA"	3111.4292	13.4873	77.2505	33.6317	184.4789	79.07	102.1835
"ERNEST"	2973.4836	NA	78.952	NA	180.7192	90.3131	75.8825
"ES101"	3499.9277	14.2635	76.6486	41.0415	182.4378	83.5114	52.8721
"ES54"	3123.3788	15.1724	77.1002	43.9804	183.1827	94.3325	231.967
"ES63"	2780.7106	13.8487	75.4707	39.2566	183.7998	84.6951	186.0107
"ES95"	2882.9464	14.5835	76.0789	38.8432	182.4107	94.8854	77.7067
"EUREKA"	2794.2668	NA	77.0483	NA	181.2839	94.0096	266.5467
"EXPRESS"	3322.8391	NA	77.2146	40.4063	181.1517	74.0989	17.0815
"FA-900-793"	3027.0181	14.4826	79.9452	39.5254	178.0055	75.3195	2.3317
"FA984-384"	3028.1302	NA	80.7503	37.6011	181.0786	93.354	303.0577
"FA987-350"	3059.9243	NA	76.876	NA	177.363	73.5731	39.6345
"FA993-401W"	3287.7942	13.7217	75.9457	37.4484	183.3271	80.8899	15.6978
"FA993-402W"	2927.0492	13.5017	74.3624	38.4484	182.2094	88.9425	242.5082
"FA994-601"	3195.326	13.5992	81.3654	38.7729	178.9591	87.733	296.3035
"FA997-703"	2824.0923	14.4276	79.6877	38.6422	185.0344	85.2227	1642.4347
"FALLER"	3552.8053	13.8637	78.3697	39.2065	182.285	80.2299	33.0074
"FBA_004"	2783.4923	NA	77.2004	38.366	179.6372	68.3606	7.9195
"FBW406"	2412.8153	NA	75.2696	36.966	177.819	64.9061	7.6632
"FBW434"	2937.8461	NA	76.3619	40.666	179.9099	74.4515	60.8711
"FLETCHER"	2781.4651	NA	76.5998	37.9539	185.7472	79.2508	119.6702
"FOCUS"	3780.5322	14.2706	80.8902	34.6352	176.3964	86.2343	51.3233
"FOREFRONT"	3334.3233	14.5945	79.6512	37.0138	178.7309	89.1919	28.0868
"FORGE"	3434.7383	13.9017	81.0875	37.4484	176.8359	83.4758	163.3389
"FREYR"	3606.3211	14.0599	79.7587	35.7067	180.7424	85.0609	88.1537
"GLENN"	3363.6015	14.8631	82.1123	38.1312	179.1912	85.555	31.0801
"GRANDIN"	3311.5063	NA	79.337	38.7468	180.2397	84.7552	45.8134
"GRANGER"	3440.6283	14.2333	80.3109	42.5796	179.3652	87.6333	245.3282
"GRANITE"	3234.4793	15.147	81.6352	33.6532	183.0724	77.7289	3.4322
"GUARD"	3034.4448	NA	78.6929	36.6292	179.1633	80.3973	62.3441
"GUNNER"	2954.886	15.4208	80.727	34.6607	183.0495	86.5661	18.7562
"GUS"	3248.3769	NA	77.8486	35.1343	181.595	84.7352	92.5242
"H678-1-6-9"	2953.0919	NA	76.3622	37.7314	179.1628	79.698	94.514
"H678-1-64311"	2751.172	NA	75.7385	37.965	180.1523	80.0594	279.4266
"H681-4-5"	2557.0841	NA	77.6866	40.8519	179.9401	93.2537	382.4278
"H689-5-5"	2608.3474	NA	76.9583	33.366	184.1011	98.2071	1924.9122
"HAGGER"	3579.881	14.0319	78.0928	37.7107	182.4662	78.1558	7.3251
"HAMER"	3558.5461	NA	79.0418	NA	180.503	77.9541	51.3029
"HANNA"	3417.6499	14.2136	80.2039	37.1532	180.5391	91.6113	37.8821
"HJ98"	3667.7075	13.5796	78.6405	34.6012	181.112	78.1348	67.9643
"HOWARD"	3603.9695	14.4067	79.6619	38.0645	180.9355	84.783	82.6955
"HS7664"	3141.3317	NA	75.8015	37.7737	183.0998	81.6377	42.3158
"HS781139"	3077.9086	NA	75.8883	34.6279	183.0071	72.9621	13.1375
"HS79149"	3041.251	NA	77.7403	37.3868	180.3113	81.0259	11.2984
"HS79304"	3088.4907	NA	75.7669	33.9318	184.3686	80.0832	20.7249
"HS79348"	3159.8758	NA	72.8935	31.4362	184.1033	82.5286	84.5285
"HS79400"	3184.4448	NA	76.2979	35.6292	184.4574	84.1423	80.7784
"HS79561"	3187.4648	NA	75.9729	37.6292	182.2221	80.0073	20.8831
"HS80236"	3127.0825	NA	77.1848	38.1368	181.0172	82.9436	20.5597
"HS81-12"	3102.8797	NA	77.3056	31.9641	183.3702	71.9078	33.7607
"HS81-55"	3171.4139	NA	78.311	38.6308	180.9617	82.651	51.7756
"HS82-175"	3624.6914	NA	79.7722	41.7437	182.92	81.3672	35.079
"HS82-288"	3211.413	NA	76.5643	34.3437	181.1759	72.3811	18.56
"HS84-41"	3199.7819	NA	76.2828	42.7361	180.5328	76.9241	14.3154
"HS84-692"	3275.7365	NA	76.3209	36.6411	183.3233	77.2575	14.3154
"HS84-700"	3273.7499	NA	75.5096	35.6718	180.2096	74.6799	30.549
"HS84-873"	3240.9704	NA	77.1977	38.0168	180.466	77.0049	39.0164
"HS85-30"	3014.945	NA	76.682	NA	182.1862	78.5566	368.3827
"HS85-476"	3044.1798	NA	76.092	38.4063	182.4077	79.2258	38.4992
"HS85-674"	3275.086	NA	76.986	41.4063	180.8892	78.2772	73.6664
"HS85-902"	3233.1517	NA	77.6653	44.4063	181.8522	76.6258	63.6258
"HY1319"	3375.3165	13.8756	79.0097	39.8676	181.6409	70.0981	24.9581
"HY2019"	3583.1239	14.2206	79.2319	36.3852	182.2381	81.8177	3.5507
"HY2136"	3323.53	12.7261	77.133	NA	183.6098	76.3749	92.8263
"HY417"	3490.8092	12.7617	77.1957	37.4484	183.2094	81.3109	42.5766
"HY469"	3419.2743	13.6752	78.1944	42.4154	179.5249	76.4632	315.1014
"ID0153"	3179.3356	NA	75.9247	NA	180.5916	76.5829	10611.4157
"ID0162"	2903.8021	NA	75.5157	34.4362	186.6327	77.8119	19.2374
"ID0167"	3053.8283	NA	76.0618	32.7799	182.3259	80.2608	33.5675
"ID0291"	2951.8207	NA	75.0868	33.7801	181.3309	75.6253	59.8743
"ID0367"	2767.7874	NA	73.8483	NA	182.01	75.9415	153.3109
"ID0523"	2965.8099	12.2076	72.2502	37.1422	184.6344	71.9102	18.9665
"ID0533"	3204.2688	12.5076	77.7627	33.1422	181.6344	79.9102	179.0557
"ID0560"	2978.6617	12.247	73.4352	35.1532	183.2058	78.2583	22.3801
"II-62-48"	2893.9339	NA	76.3798	34.965	184.6012	79.6947	241.2815
"II-62-68"	2645.5157	NA	77.4354	NA	186.342	78.8276	133.1824
"INGOT"	3116.1355	14.6782	82.2396	34.9187	177.3829	88.9917	78.5066
"IVAN"	3591.2975	13.1117	78.8137	33.9916	182.3866	75.3249	15.5078
"JAMES"	2882.4452	NA	77.3498	38.0836	178.5096	86.0072	473.5838
"JENNA"	3755.0064	14.1435	78.6255	40.2932	182.3337	77.0188	23.467
"JUSTIN"	2329.8203	NA	76.522	36.2981	183.7313	98.7938	1549.5976
"K48-44"	2755.1324	NA	76.3884	NA	181.1992	100.4176	390.0439
"KEENE"	3231.4735	14.2281	79.5357	34.9774	181.4377	95.4733	119.5793
"KELSE"	3082.921	14.8435	77.7886	43.1081	180.8147	81.2114	10.0746
"KEYSTONE"	3384.1028	13.8803	81.0227	35.6532	180.3391	84.6113	343.2232
"KITT"	3004.077	NA	74.99	37.709	183.4535	79.1904	163.4183
"KNUDSON"	3712.8623	13.5472	80.2302	39.8977	181.3867	76.938	42.1563
"KULM"	3278.7314	NA	80.8612	36.7939	177.9455	88.0418	32.1959
"KUNTZ"	3684.3046	13.5308	79.4072	32.5476	181.2794	74.4525	18.5312
"LANG-MN"	3905.3841	14.5782	80.9256	34.0014	182.4568	83.8861	8.0427
"LANNING"	3626.5533	14.5605	78.0742	37.0503	180.2536	75.0203	7.163
"LARK"	2935.5846	NA	76.7834	33.5039	179.6596	72.4588	175.3509
"LCS-ALBANY"	3823.5304	13.6435	77.9737	32.4139	183.4704	75.8084	42.3489
"LCS-BREAKAWAY"	3594.8956	14.3116	81.5842	36.7685	178.9276	73.1086	60.191
"LCS-CANNON"	3732.8487	13.9023	81.1312	37.2681	177.0667	73.1795	15.1537
"LCS-POWERPLAY"	3611.4864	14.0375	79.0443	38.3006	180.8509	75.5754	6.9339
"LCS-PRIME"	3958.9215	12.8776	80.6587	37.127	178.5492	77.3805	6.2322
"LEN"	2982.3156	NA	77.7807	37.6086	182.0959	82.5914	115.8916
"LEW"	2697.6395	NA	79.632	NA	183.7209	94.7535	65582.0344
"LINKERT"	3308.8604	14.7492	79.4929	39.3533	180.8004	72.2704	8.7616
"LNR10-0176"	3597.3011	14.22	78.937	37.7176	178.9227	78.6781	31.4203
"LNR10-0493"	3585.4165	14.1422	80.1551	42.5176	180.7954	87.2181	67.6931
"LNR11-0757"	3968.4901	12.6281	77.6289	31.5347	181.6151	80.2948	88.2694
"LNR12-0147"	3844.371	13.9541	79.3593	34.9116	179.3779	84.7988	98.053
"LNR13-0028"	3525.8044	14.6241	79.466	36.0449	179.9394	70.5188	27.6351
"LNR13-0137"	3796.9444	13.0841	77.726	38.1449	181.6317	79.4521	23.931
"LNR13-0763"	3987.5577	13.2441	78.2527	33.7116	179.4779	80.3654	31.0071
"LNR14-0234"	3585.7487	14.0579	79.3812	38.9681	177.4524	72.5462	17.668
"LNR14-0563"	3812.2404	13.6245	78.5979	36.1681	179.4095	71.9045	75.9486
"LNR14-1267"	3700.9654	14.1245	78.4145	36.1181	178.6095	76.4462	13.5058
"LNR14-1935"	3918.507	13.9023	80.0812	34.2681	179.281	77.1462	9.5614
"LNR15-1405"	3167.5056	14.4769	77.9592	41.0826	182.4893	81.6145	160.2664
"LNR15-1512"	2779.8919	14.1769	76.8925	37.2826	182.2893	77.6683	74.3891
"LNR15-1751"	2780.2258	14.2588	78.1725	37.0826	182.2816	74.4837	26.3942
"LNR16-1156"	2186.1509	14.8017	76.7052	36.737	184.1015	70.5044	4.3215
"LNR16-1223"	3544.2523	12.286	78.9259	35.2826	185.9586	78.2299	74.3891
"LNR16-2076"	2757.7044	12.3951	73.6059	36.8326	186.1355	77.5299	8.0323
"M4-1"	2355.4268	NA	77.0884	NA	183.1992	98.5089	9797.4599
"M4-7"	2388.9824	NA	76.5707	NA	182.5563	100.4151	5509.5166
"MACON"	3030.8296	12.9648	76.0399	36.8994	180.4006	80.8822	17625.5464
"MANITOU"	2628.3713	NA	76.3825	NA	182.4134	96.1301	3219.4387
"MARQUIS"	2219.8686	14.1533	76.8962	34.9665	184.0479	101.2431	7781.4857
"MARSHALL"	3187.5718	NA	77.7118	30.2799	182.4798	78.0936	14.994
"MCVEY"	3733.6192	12.892	77.0509	36.5029	183.387	83.7	438.5316
"MINNPRO"	3056.4785	NA	75.687	39.3993	181.6588	82.0552	107.0073
"MN-ROTHSAY"	3868.9985	13.8923	79.6481	33.6738	183.6354	71.3149	3.3214
"MN-TORGY"	3847.4539	14.0433	80.0391	35.7608	181.6913	78.932	6.6677
"MN-WASHBURN"	3798.9215	13.5717	79.2787	34.452	181.7535	73.4925	0.5704
"MN01197"	3595.2521	13.4472	77.3412	37.0066	184.0719	79.5054	179.0075
"MN01333-A"	3335.8703	14.0689	79.8072	37.8476	178.8311	75.213	14.9829
"MN02072"	3583.5384	14.4431	82.3419	37.6083	179.9303	75.0247	22.5017
"MN02252-A"	3528.6007	14.2337	79.7265	36.5284	181.7725	82.0991	99.6582
"MN02255"	3759.9088	14.1211	79.4419	35.2059	180.0012	79.1272	64.2428
"MN03119-4"	3456.4331	14.7635	80.6389	39.7182	179.5645	80.4854	32.3935
"MN03169-2-062"	3689.0431	13.7953	78.2865	33.6531	182.6043	80.6932	73.973
"MN03306-1"	3415.9506	13.9434	80.3492	31.8435	178.8721	78.0586	90.06
"MN03308-4"	3464.1637	14.9735	79.3904	32.6853	182.2204	81.4084	111.389
"MN05141-2"	3269.7693	14.5736	79.1289	35.9031	180.3043	72.072	8.9308
"MN06018"	3321.3051	14.3612	80.7179	35.5995	181.9309	76.3525	3.2941
"MN06075-4"	3554.8591	14.972	80.7512	34.9506	180.7269	77.6225	3.7115
"MN07199-6"	3451.0719	14.5854	81.8802	NA	178.7914	74.0424	NA
"MN08032-8"	3352.7553	14.7061	78.1841	NA	181.2281	79.7434	NA
"MN08105-7"	3508.1148	14.2521	80.7802	NA	178.2414	74.4258	NA
"MN09028-1"	3423.3665	14.4011	78.7932	34.0676	179.4672	74.4609	24.9581
"MN09186"	3518.9745	14.3011	81.2193	35.3176	178.9217	74.1277	24.9581
"MN10061"	3557.5473	14.5422	81.9097	36.2176	181.2681	81.6681	24.9581
"MN10204-6"	3449.1396	13.9089	78.737	34.0676	182.2045	66.7981	24.9581
"MN10281-1-98"	3701.2808	12.9875	78.7143	36.7188	179.4249	70.4692	0.7895
"MN10281-1-A"	3929.2989	13.5206	79.5985	37.9852	180.3798	70.6093	2.5723
"MN11394-6"	4020.6735	14.4893	80.7347	34.177	181.5231	77.1885	10.4164
"MN11492-6"	3813.8346	13.6875	78.7143	34.7688	180.8249	69.8923	1.9831
"MN13074-4"	3703.4244	13.8541	78.786	34.8783	181.4779	73.8521	1.847
"MN13288-1"	3708.4493	14.8063	78.8194	37.2315	181.1238	73.0654	20.0031
"MN13288-1-32"	3821.0581	14.7899	78.9439	38.215	181.243	74.9527	13.2173
"MN13398-2"	3639.0044	14.2841	79.0127	34.6783	182.0086	65.6921	0.7789
"MN13479-8"	3762.3157	14.3719	79.2194	35.0372	182.0089	69.9378	3.2736
"MN14227-4"	3809.7401	13.4391	81.6091	37.8108	180.2563	83.3286	15.9421
"MN15012-3"	3434.179	14.6678	80.0059	36.1826	182.797	76.2991	7.4389
"MN15119-2"	3621.0488	13.9507	79.8344	35.5632	182.7465	77.6625	46.1303
"MN15136-6"	4033.2923	13.4133	79.3325	36.4576	183.1586	80.853	93.6503
"MN15195-5"	3638.1319	13.8631	81.2152	33.2488	183.4816	78.6597	5.576
"MN17117-5"	3658.2971	13.7458	79.6232	34.6252	182.3245	73.5671	6.7203
"MN17118-1"	3489.9744	14.1399	78.1244	33.5272	182.4595	74.7204	97.7596
"MN17120-1"	3510.6471	13.6321	79.5501	38.4585	182.2287	73.2363	6.7203
"MN17379-4"	3448.6856	14.5185	77.9578	32.9252	183.612	76.044	11.282
"MN18032-5"	3639.2208	14.2428	80.1644	36.9209	182.7533	78.3394	15.4829
"MN18106-2"	3440.7565	13.9178	78.7787	32.8209	187.3456	77.1037	3.3357
"MN18176-1"	3386.578	14.0678	77.8858	28.5209	185.561	73.7466	3.2101
"MN19104-2"	3698.8759	13.8055	77.99	30.4292	188.1695	NA	49.61
"MN19108-1"	3464.4006	15.3302	79.6633	31.7292	181.9906	75.9057	22.4152
"MN19138-2"	3736.3285	13.7128	80.5258	32.4292	182.424	78.3826	48.6303
"MN19239-1"	3409.0659	13.6355	78.3809	33.4292	183.3195	NA	33.1565
"MN19358-1"	3728.7254	14.0954	80.1008	31.7292	182.1525	71.1287	21.4962
"MN20038-3"	3598.9216	14.1415	79.4945	NA	181.528	71.4595	45.0179
"MN20049-1"	3757.8883	14.5415	78.8022	NA	182.1735	70.2287	46.5233
"MN20218-3"	3457.255	14.9569	78.2099	NA	181.6189	68.4903	12.8982
"MN6601"	2474.2538	NA	74.6773	28.866	183.5463	76.3606	134.0504
"MN6728"	2708.2983	NA	77.3195	NA	182.3638	83.191	96.2613
"MN70113"	2562.6396	NA	78.664	43.965	179.554	78.8698	152.4438
"MN70121"	2663.6924	NA	75.2195	NA	181.9352	73.1285	96.2613
"MN70170"	3240.3878	NA	78.4061	34.5086	183.1675	77.7872	34.2496
"MN70175"	2901.2565	NA	76.8721	32.165	184.6825	72.5608	76.7394
"MN70180"	2328.1696	NA	77.8337	NA	181.3053	74.3279	151.6291
"MN70181"	3080.5071	NA	75.2284	36.2564	180.826	76.8343	157.7257
"MN70197"	3114.3231	NA	75.9659	NA	182.7454	76.4029	1597.9056
"MN70202"	2971.9304	NA	79.097	33.5836	181.878	76.5192	65.4844
"MN7083"	2835.4219	NA	77.2445	NA	178.6495	75.5035	133.3884
"MN7086"	3086.7123	NA	76.6758	35.865	183.3665	83.9561	247.3157
"MN7125"	3233.1767	NA	77.1498	42.3836	180.6675	81.1232	170.1972
"MN7142"	2946.8103	NA	75.6092	35.465	182.2679	78.2662	241.2815
"MN7155"	2950.3498	NA	77.7081	38.265	180.4591	81.5955	1587.0907
"MN7170"	3096.4515	NA	75.9269	34.665	183.9345	82.1233	241.2815
"MN7222"	3140.6148	NA	76.5749	33.4716	180.8163	78.8863	54.6946
"MN73167"	3276.9052	NA	76.2351	37.3335	181.3495	77.7255	74.2375
"MN7324"	3356.8592	NA	76.5123	37.6774	182.2926	85.8188	1211.8378
"MN7336"	3183.1312	NA	77.1416	39.5195	181.492	77.7846	16.3433
"MN7357"	3336.78	NA	75.9886	37.7014	181.761	76.8744	115.3566
"MN7378"	3160.38	NA	78.1367	38.5792	180.189	75.0211	50.9866
"MN7529"	3289.6024	NA	77.2813	39.5515	180.1704	82.5762	46.6687
"MN7663"	3131.7648	NA	78.5729	35.0292	181.8103	74.7823	14.7841
"MN80056"	3168.9402	NA	79.4542	40.3197	180.6817	81.6862	50.1002
"MN81070"	3003.1036	NA	77.2292	37.6368	179.8996	76.4612	17.1008
"MN81101"	3196.6615	NA	77.257	38.8868	181.6643	82.3436	29.7178
"MN81270"	3085.518	NA	77.2565	33.6191	180.6297	80.0629	101.895
"MN82008"	3084.3783	NA	76.1937	37.9026	180.6659	72.1468	60.6056
"MN82047"	3398.5333	NA	78.642	37.0098	183.1049	79.6829	34.9547
"MN82128"	3293.9823	NA	77.4812	41.4419	180.1045	81.4186	58.0932
"MN84056"	3281.5365	NA	78.9971	35.3161	181.4042	81.1622	35.9588
"MN84662"	3098.4685	NA	77.2573	37.0218	179.6276	75.3299	198.3797
"MN85110"	2986.8632	NA	75.702	NA	180.8112	80.7566	250.9762
"MN85167"	3186.9814	NA	75.952	NA	181.8112	82.2566	1164.9282
"MN85328"	2905.7268	NA	77.682	NA	179.8112	80.7566	170.9881
"MN86018"	3157.2885	NA	79.042	38.4063	178.6063	78.0334	120.2633
"MN86151"	3261.1599	NA	76.002	37.4063	181.1852	78.0604	28.5189
"MN86165"	3452.6972	NA	80.7226	NA	182.0607	76.9913	39.1204
"MN86329"	3047.0456	NA	77.842	40.4063	179.08	82.8374	62.0345
"MN86383"	3204.983	NA	79.0787	38.4063	179.5571	84.4029	184.4418
"MN87106"	3190.9572	NA	77.1068	NA	180.0051	77.1413	14.5825
"MN87150"	3272.0104	NA	77.4243	NA	181.2932	77.3773	18.855
"MN88076"	3272.2751	NA	78.3838	38.7939	179.9924	80.7627	35.3893
"MN88170"	3399.3822	NA	74.9538	NA	181.8335	87.7836	353.2427
"MN88189"	3166.2401	NA	77.9149	NA	180.5982	80.9415	704.8118
"MN88320"	3318.1401	NA	80.0149	NA	178.0688	78.4152	125.3352
"MN88334"	3310.4529	NA	78.4125	34.7939	183.0009	82.8726	25.7616
"MN88415"	3223.9601	NA	79.7838	38.7939	179.6035	80.6198	19.3362
"MN89028"	3423.9501	NA	78.747	37.7939	179.9368	77.096	44.5524
"MN89103"	3356.6926	NA	77.7744	NA	181.7821	78.1348	26.3171
"MN89408"	3532.6751	NA	76.4417	33.7939	181.8812	80.7627	49.9887
"MN90071"	3287.461	NA	78.9522	NA	179.9488	77.9769	40.1394
"MN90114"	3519.8873	NA	77.4633	NA	180.2265	76.9243	54.5637
"MN90138"	3051.8327	NA	77.7091	NA	179.8176	76.7824	36.0992
"MN90253"	3245.7768	NA	77.7633	NA	179.171	79.9243	75.6085
"MN91227"	3454.84	13.6198	78.4682	34.8729	182.2831	76.2454	16.4409
"MN91309"	3401.6152	13.7764	79.5291	37.1107	178.3876	75.1818	42.3532
"MN91324"	3238.1334	13.8217	79.6542	33.4484	179.1971	80.4501	12.2902
"MN92006"	3441.0898	NA	80.5281	NA	178.9755	77.6824	62.3732
"MN92387"	3291.4742	14.2817	80.4235	40.4484	179.7976	79.2583	8.2806
"MN93434"	3334.0628	14.3448	80.2552	36.1729	180.4854	81.8084	109.2455
"MN94055"	3306.3877	13.5906	79.2138	38.8354	180.9432	80.0185	18.1789
"MN94200"	3368.7863	13.5688	78.4876	35.7104	179.7844	76.7651	31.7127
"MN95286"	3396.0357	12.8695	80.706	34.0791	182.9294	79.0198	2.8588
"MN97063"	3294.0467	14.0492	79.1023	38.9254	182.7555	77.2481	46.5244
"MN97073"	3146.0381	14.047	79.5102	37.1532	179.6724	72.1407	11.9794
"MN97448"	3401.8904	14.2064	80.5732	34.8346	180.376	77.2214	81.6455
"MN97695-4"	3491.9096	14.5307	81.9708	38.4154	178.8821	79.8161	97.1268
"MN98389-A"	3437.0272	13.653	78.3826	38.4154	179.3821	82.0514	198.8156
"MO_09_3-5"	3364.1514	14.5455	78.305	34.9852	178.882	78.9908	46.8074
"MO3_3-23"	3865.3324	13.857	78.6754	40.3138	182.8282	82.325	22.7088
"MO5_1-2"	3501.49	14.4351	79.939	34.4709	179.4585	91.1525	58.0614
"MO5_1-3"	3522.7268	14.0894	77.3013	37.4566	181.9527	79.7088	10.0542
"MO6-1-25"	3401.7659	14.2653	80.3315	NA	179.5222	84.1651	NA
"MO6_1-23"	3512.786	14.6198	81.7493	35.4519	179.1862	85.1018	33.6344
"MO6_1-24"	3343.0901	14.4345	79.4883	37.3297	179.1257	82.2898	92.4001
"MO8-3-5"	3821.2207	14.5139	81.1781	NA	183.1571	86.4556	NA
"MO8_3-4"	3538.1056	14.4666	80.1508	38.0352	179.7603	84.482	18.6344
"MO9-3-4"	3540.5291	14.5854	78.1373	NA	181.5748	84.9591	NA
"MOTT"	3289.7204	14.3548	79.5239	34.0701	183.0324	84.3765	15.3022
"MS-CHEVELLE"	3892.5934	13.1645	79.4188	35.4176	179.8772	75.2681	24.9581
"MT0249"	2904.2209	14.0872	76.1974	30.4566	179.6052	76.0054	208.7074
"MT0266"	2923.7946	13.9886	73.0606	37.6749	179.8588	81.5456	232.5423
"MT0415"	3576.5424	14.4319	79.4439	37.3338	180.8461	82.8725	46.0601
"MT0416"	3761.6056	13.3734	78.7242	35.6185	180.3165	77.8086	601.9104
"MT0516"	3240.5998	13.2635	78.1989	36.5432	179.2568	80.7521	20.4389
"MT0713"	3389.861	15.0635	82.1619	38.2748	182.0763	82.3581	24.1672
"MT0827"	3525.7309	14.1753	79.1901	37.451	179.6509	77.9471	166.0608
"MT0852"	3242.3155	14.3253	77.5824	39.001	181.8509	78.6625	14.243
"MT1007"	3033.479	14.1767	78.0698	NA	181.5026	75.4998	NA
"MT1016"	2614.829	14.4153	75.4781	NA	182.6753	77.9273	NA
"MT1053"	3275.8665	13.5636	76.4584	37.1676	182.2899	76.2004	24.9581
"MT1103"	3580.8739	13.7206	79.4323	35.8852	183.3964	76.076	6.1704
"MT1142"	3404.2242	14.5534	77.6824	35.7176	181.0591	82.2781	53.7705
"MT1157"	2880.4957	13.7467	77.5114	NA	180.2299	76.1198	NA
"MT1172"	3485.2704	14.1311	76.8006	39.2176	181.8136	78.0981	115.845
"MT1203"	3061.8489	14.7706	76.0505	37.9352	178.9964	75.9093	5.3742
"MT1219"	2823.6346	13.8657	75.0052	35.4188	180.6886	73.3077	16.6857
"MT1236"	2628.4072	14.8106	74.905	33.2352	181.3464	72.6593	29.5335
"MT1337"	3451.4115	14.4732	78.2219	38.9688	179.334	76.3231	7.0363
"MT1338"	3657.9039	14.1161	79.945	36.8688	179.0704	77.2308	1.2158
"MT1348"	3495.549	14.8244	76.1725	40.0133	181.3932	78.4021	20.9455
"MT1401"	3155.3259	13.6619	77.6802	36.2133	182.6779	83.5021	202.6777
"MT1525"	3049.7636	14.1609	79.6765	33.0065	181.7381	75.3225	14.1611
"MT1543"	2905.9493	13.4972	76.6265	38.6065	179.7381	76.2797	50.2455
"MT1570"	3029.6208	13.7881	78.2694	37.0065	178.5952	72.7011	33.5813
"MT1621"	3668.5685	14.4631	78.8642	39.5613	179.4931	78.8701	107.0679
"MT1673"	3348.1247	14.8207	76.5814	34.765	179.5969	77.6277	263.7196
"MT1716"	3600.7279	13.823	79.1116	31.1252	180.2662	79.7402	356.7689
"MT1767"	3112.919	14.186	75.1325	34.7076	179.1432	77.7376	1374.5984
"MT1809"	3606.984	14.1718	76.969	33.3241	180.8647	79.3306	212.5343
"MT1855"	3548.1411	14.2308	78.566	39.5272	183.2795	84.687	97.7596
"MT1866"	3369.6808	14.0244	77.515	34.6242	181.4281	80.7929	775.883
"MT1927"	3567.6994	14.2217	75.866	36.3272	183.0895	81.1537	776.532
"MT1939"	3768.584	13.4935	78.3075	38.5741	180.6864	77.5114	275.3779
"MT2030"	3733.3879	14.0167	78.0077	36.775	182.6734	77.068	36.4871
"MT2049"	3438.3519	13.9258	77.7917	34.925	178.5951	74.1966	100.4937
"MT2050"	3535.3632	13.8255	77.5082	36.0292	181.1995	NA	33.1565
"MT2054"	3421.5708	14.1594	78.7073	42.3209	180.2225	84.2252	360.1794
"MT2063"	3487.7741	13.2755	77.8627	34.9292	181.7495	NA	88.2204
"MT21074"	2297.455	14.3338	74.1637	NA	183.1553	75.8749	11.6861
"MT21104"	3508.3076	13.5563	77.6008	33.7292	181.4763	78.6672	34.7898
"MT21186"	3141.5966	14.2261	75.7407	NA	180.5826	77.7518	24.9025
"MT21220"	3452.8216	14.0261	77.2637	NA	182.1826	79.8441	113.0799
"MT21473"	3362.155	14.58	76.6253	NA	180.4826	77.221	204.4222
"MT21485"	3528.4883	14.4261	76.8099	NA	179.128	78.8057	147.1197
"MT6610"	2637.3102	NA	76.5589	NA	180.5563	99.1439	11869.8937
"MT661718"	2732.9153	NA	76.5081	35.166	179.1826	88.0879	242.3321
"MT6661"	2439.6935	NA	73.2001	NA	178.5563	94.7014	5102.4665
"MT6723"	2385.1614	NA	74.0036	NA	184.4646	82.8785	105.4456
"MT677"	2527.9824	NA	73.6174	NA	183.1478	84.422	152.4228
"MT6830"	2620.4348	NA	75.5403	NA	181.7533	82.4522	303.2227
"MT6834"	2560.8082	NA	74.5737	NA	182.2226	87.3587	95.8874
"MT6839"	2626.0415	NA	73.127	NA	184.2457	88.5981	4.8188
"MT7028"	2957.4241	NA	75.3966	34.0519	181.6276	85.1361	170.8242
"MT7031"	2664.6746	NA	76.3507	NA	183.7998	83.9636	297.9497
"MT711"	2824.1687	NA	79.2036	NA	183.6665	93.3482	2234.3074
"MT7150"	2958.4291	NA	76.1166	38.9519	183.3776	85.842	206.9583
"MT7156"	3021.5511	NA	78.1154	NA	183.3998	80.3482	70.655
"MT7416"	2929.923	NA	77.0461	33.8336	180.1675	80.6112	288.7899
"MT749"	2964.5989	NA	78.8861	33.7086	180.9043	81.3432	354.3814
"MT7635"	2544.1142	NA	76.1173	34.4774	180.1161	79.7088	4299.7629
"MT7648"	3126.8062	NA	77.3422	32.1255	182.3397	82.2331	249.526
"MT7836"	2849.6347	NA	76.379	35.4014	180.5695	82.7433	32.6906
"MT7926"	2836.3667	NA	78.6903	36.3868	183.6229	92.7436	712.8807
"MT8017"	3057.2016	NA	77.2943	35.4103	183.2373	82.0672	18.0156
"MT8043"	3151.7336	NA	74.2462	33.8779	181.5904	83.1756	329.9993
"MT808"	2658.8751	NA	73.6965	28.6191	183.7349	73.7279	52.7763
"MT8177"	2696.5751	NA	77.1265	35.1191	180.7876	77.7929	64.2914
"MT8218"	2885.8971	NA	75.4221	33.3601	180.7809	80.4312	280.9759
"MT8304"	2614.5826	NA	73.7746	32.4026	178.8881	81.9363	1029.2304
"MT8320"	2793.5367	NA	75.4274	32.7723	181.4671	81.82	40.1672
"MT8328"	2812.4677	NA	77.5574	34.3001	179.9496	82.0841	30.0082
"MT8336"	2753.7728	NA	77.0113	35.7661	181.2947	84.5432	113.7117
"MT8402"	2910.9656	NA	77.4024	34.4026	180.0855	76.7081	20.7013
"MT8446"	3119.2501	NA	77.6637	34.1461	179.8471	79.2575	34.605
"MT8651"	2723.8522	NA	76.8594	NA	181.394	83.6413	1458.2505
"MT8849"	3281.6122	NA	76.8475	36.7939	182.4815	83.5477	63.9446
"MT9311"	2761.5734	13.3992	78.418	37.6729	184.8538	87.2593	235.3623
"MT9354"	2499.5292	14.7617	75.4179	34.4484	183.1506	86.8899	578.7675
"MT9360"	2675.3281	14.6017	76.3477	35.4484	180.5339	84.8511	2984.231
"MT9410"	2914.1523	13.5325	78.4548	34.8729	179.538	87.4172	1603.5044
"MT9508"	2660.774	14.1117	77.9325	39.0916	179.5295	80.1485	5593.6259
"MT9609"	2922.3779	13.6945	77.0513	39.4791	180.3294	90.8298	113.8125
"MT9874"	3278.9328	14.0981	77.1464	36.7194	183.439	83.6563	50.8326
"MT9929"	3296.4822	14.4793	78.2059	37.1317	181.4091	79.1164	39.6802
"N86-0348"	3582.0622	NA	76.6309	33.7939	181.653	76.0862	26.0813
"N86-0542"	3441.3566	NA	76.3675	NA	182.8075	74.9414	16.422
"N86-0903"	3402.7022	NA	79.2068	NA	179.2829	75.8413	14.5825
"N86-370"	3301.5513	NA	78.3966	34.4063	182.2057	77.3124	44.2445
"N86-903"	3298.8694	NA	79.102	35.4063	178.9221	77.9104	87.626
"N87-0002"	3528.8872	NA	75.6963	NA	178.7273	77.1413	14.5825
"N87-467"	3309.6611	NA	76.176	NA	180.5394	77.8363	16.2395
"N88-0022"	3562.2051	NA	78.2154	40.7939	180.9368	71.096	33.4096
"N88-3034"	3138.5247	NA	75.8584	31.7939	182.9724	83.3226	10.5553
"N88-3136"	3216.8324	NA	79.5017	33.7939	181.0866	81.5726	33.3789
"N88-3140"	2820.4926	NA	76.7522	NA	183.1154	92.6611	179.296
"N89-0562"	3165.2993	15.1417	78.667	38.4484	180.3637	70.2707	59.9509
"N90-0392"	3380.0517	NA	77.5805	NA	180.6071	75.7824	29.512
"N90-0671"	3658.3811	NA	77.7931	NA	181.6652	70.8515	11.0954
"N91-0059"	3400.1803	NA	76.0138	NA	181.765	71.4824	6.4195
"N91-3057"	3616.547	NA	75.5519	NA	182.765	77.8324	7.8523
"N92-0126"	3300.2637	14.3198	74.9011	36.8729	182.8872	74.4929	2.2896
"N92-0176"	3463.2026	13.6948	79.3677	34.4729	180.7107	72.7706	7.2402
"N92-0248"	3275.026	14.0803	78.6396	31.7607	183.994	72.925	3.4
"N93-0211"	3159.7858	14.1367	78.9575	35.4916	181.7438	75.0896	36.4736
"N95-0026"	3329.4073	14.0695	77.3263	37.4291	178.9961	78.3592	2.7302
"N95-0144"	3607.3308	13.1195	77.1388	37.9791	180.7294	78.8298	0.5973
"N95-0204"	3196.3602	15.1195	76.9763	35.1291	181.8627	76.6533	2.7302
"N95-0264"	3440.3308	12.9945	78.8076	35.7791	178.3294	76.3592	0.8245
"N95-0330"	3084.6308	14.1195	75.0638	35.0291	181.4627	73.4769	0.7874
"N96-0055"	3312.065	14.1115	79.6689	36.3394	181.4775	76.6241	13.3703
"N96-0060"	3638.1393	12.9476	78.1752	37.6422	181.101	76.0977	38.9483
"N96-0111"	3424.9511	13.1876	78.5314	36.6422	181.6344	78.0352	38.9483
"N96-0123"	3526.0158	13.7876	79.8814	35.6422	181.901	75.6602	30.0599
"N97-0090"	3426.344	14.3136	79.6352	38.1532	181.7391	71.7877	10.8537
"N97-0100"	3518.3967	14.0159	78.4166	38.2254	180.7555	74.4624	2.9355
"N97-0117"	3298.636	14.5648	79.2302	36.2394	180.0544	74.2693	74.6121
"N97-0189"	3396.1538	13.8826	77.2452	36.4754	180.7555	75.3195	89.3335
"N97-2627"	3406.2109	14.0159	78.1738	35.6754	182.5055	82.7481	152.0631
"N98-0286"	3571.4683	13.8494	77.6281	39.3317	181.9091	76.1442	60.0584
"N98-0326"	3519.9449	13.8307	78.1767	38.7821	180.7392	77.0514	64.5003
"N98-0328"	3570.4743	13.9196	78.5355	38.5487	180.9535	76.522	77.1506
"N99-0010"	3227.3676	14.0303	79.8477	33.6532	179.8058	72.5524	150.8113
"N99-0241"	3377.598	14.0617	78.2191	36.4979	182.6775	77.8401	12.8573
"N99-2234"	3141.7578	15.0261	79.4373	38.7804	182.6827	93.1746	582.6747
"ND-HERON"	3372.0075	14.6713	80.4241	35.958	179.3122	80.3957	214.7884
"ND-THRESHER"	3349.3163	14.1549	77.2885	33.9585	182.3703	77.2517	122.9949
"ND-VITPRO"	3367.8577	15.0941	81.646	37.1783	180.1702	80.1988	10.3863
"ND03_1-13"	3549.3924	13.9942	80.3904	37.6713	178.5225	83.5435	61.5775
"ND03_1-15"	3494.2571	14.3886	80.1419	36.4416	180.9303	82.6706	146.7243
"ND03_1-9"	3514.4946	14.6886	80.6106	38.4416	180.7874	88.0039	75.9955
"ND04_3-18"	3698.8451	14.1415	82.0598	36.8856	178.7413	80.3213	65.5684
"ND04_3-19"	3774.3951	13.7719	78.2571	37.5713	182.3663	82.0898	65.5684
"ND04_3-20"	3568.2824	13.9848	78.0699	35.8792	181.2893	91.0325	57.9863
"ND04_3-21"	3602.6284	14.2619	81.1259	37.2156	178.1734	80.8705	138.6426
"ND05_1-1"	3584.7637	14.2685	80.7704	36.5425	178.6935	84.6118	124.9805
"ND05_1-2"	3547.7404	14.1235	80.0937	34.3568	179.0973	91.9418	80.6942
"ND476"	2783.8435	NA	75.3295	NA	183.4849	78.0314	109.9293
"ND481"	2762.2102	NA	74.8178	NA	182.5563	87.7176	421.1597
"ND482"	2541.1157	NA	77.1472	NA	183.2706	98.9889	530.2087
"ND487"	2708.7282	NA	76.8603	NA	182.0687	84.6854	958.8744
"ND490"	2797.1815	NA	77.407	NA	181.1072	95.4869	95887.4389
"ND492"	2730.3929	NA	77.1952	NA	181.5478	90.3532	3221.4386
"ND493"	2615.647	NA	75.4946	NA	180.332	83.997	199.2285
"ND494"	2534.6692	NA	75.6958	NA	181.0491	88.8282	1524.2278
"ND495"	2495.1403	NA	74.9063	NA	179.9811	79.7782	57.2862
"ND496"	3064.7482	NA	77.9737	NA	180.961	97.0446	303.2227
"ND496-153"	2932.7511	NA	78.2095	NA	183.7332	93.8867	125.6443
"ND496-158"	2985.6276	NA	78.8213	NA	182.1332	93.1944	125.6443
"ND499"	2954.717	NA	77.3382	41.4579	182.0905	82.7351	55.6026
"ND501"	2519.8096	NA	76.2624	40.7539	180.0168	93.3921	157.9259
"ND506"	2707.8998	NA	77.0091	38.6579	180.4098	93.9942	186.5392
"ND507"	2767.6903	NA	75.3981	36.859	181.9648	90.2957	315.4542
"ND508"	3024.757	NA	76.389	40.959	183.4834	83.1172	237.6071
"ND509"	2506.2615	NA	76.6311	38.866	179.0917	84.6334	192.4912
"ND510"	2898.567	NA	76.024	37.709	180.3345	93.9709	397.2053
"ND511"	2655.4692	NA	77.7081	36.166	183.0917	94.7243	3596.164
"ND515"	2689.0084	NA	75.7811	36.466	179.878	89.0924	1160.6616
"ND518"	2664.7991	NA	78.3841	38.2519	180.6276	99.1361	540.1936
"ND520"	2557.7591	NA	77.9358	35.8519	179.0651	94.6067	340.8391
"ND521"	2778.2932	NA	77.7268	39.3519	182.7109	85.8614	117.653
"ND522"	3008.4324	NA	75.5952	38.6585	182.8804	86.8771	204.7091
"ND523"	2704.8954	NA	76.1519	NA	183.1139	86.3281	735.2567
"ND525"	2727.8841	NA	75.5716	42.0519	180.6276	79.9008	107.7828
"ND526"	2779.957	NA	78.2154	NA	182.095	91.3482	125.6443
"ND527"	2760.5129	NA	80.0477	NA	184.0508	97.8477	268.985
"ND528"	3108.3277	NA	75.7568	NA	183.7272	87.9512	350.5323
"ND529"	2843.9099	NA	77.786	NA	180.0665	81.4252	70.655
"ND531"	2821.0426	NA	78.696	35.865	182.7175	98.5594	401.9411
"ND532"	3038.3571	NA	79.0445	NA	180.4352	95.5035	541.3169
"ND533"	3099.9395	NA	78.6008	NA	180.578	92.8785	750.0984
"ND534"	2778.1924	NA	77.3695	NA	180.8638	84.6285	141.2922
"ND535"	3161.9219	NA	77.632	NA	180.9352	86.191	158.5325
"ND536"	2781.8044	NA	78.9269	36.065	180.8234	91.409	124.9711
"ND541"	2838.2692	NA	78.3092	36.865	182.6012	102.2662	173.6468
"ND542"	2773.9103	NA	76.0386	43.465	180.2679	93.1233	173.6468
"ND544"	2859.175	NA	75.8916	39.065	184.0456	94.6947	255.6679
"ND547"	3045.9418	NA	78.1777	NA	180.6685	90.8296	259.8138
"ND549"	2990.5918	NA	79.26	NA	181.6685	95.0829	371.7216
"ND551"	2971.2793	NA	77.5012	NA	181.8223	94.7029	1269.2615
"ND553"	2786.2918	NA	77.7306	NA	182.5916	95.1229	1725.3787
"ND554"	2912.1356	NA	79.1894	NA	179.9762	94.1496	80084.9867
"ND555"	2846.7106	NA	77.46	NA	181.5146	86.5029	159.7906
"ND557"	3017.0283	NA	78.8934	33.5897	182.0164	97.8853	886.8009
"ND560"	2936.4998	NA	79.1791	37.5897	181.1414	99.7282	27462.1926
"ND561"	2735.4617	NA	77.5648	41.9231	183.8914	93.8234	924.7151
"ND563"	2872.2474	NA	78.741	40.9231	181.4539	96.2996	675.5295
"ND565"	3055.8542	NA	78.2273	35.8774	180.7631	92.2838	764.618
"ND567"	2948.1442	NA	80.3473	39.0774	179.4102	95.7488	215.4986
"ND569"	3130.2262	NA	77.1062	38.9924	180.407	82.719	17.9755
"ND570"	2790.0892	NA	78.0673	35.8774	180.4102	94.5988	2512.5295
"ND571"	2824.3092	NA	77.6723	37.4774	179.2337	88.7188	125.9248
"ND572"	2643.9504	NA	77.8761	37.2799	179.1721	87.6993	1336.3448
"ND573"	2920.465	NA	79.5703	34.7737	180.8664	88.5027	24.4366
"ND574"	3048.7288	NA	76.502	37.8014	182.3568	89.1571	27.4305
"ND575"	2997.1362	NA	77.8015	37.9737	178.3664	84.7477	30.7639
"ND581"	3170.4811	NA	78.9824	36.7695	180.9857	90.1563	359.3971
"ND582"	3308.4555	NA	78.1285	36.5215	181.4543	92.9699	113.671
"ND585"	2968.7863	NA	78.449	37.7695	178.2209	85.073	67.1434
"ND586"	3255.1016	NA	77.1127	33.5215	183.4432	80.0131	16.7834
"ND590"	3102.2348	NA	75.1029	37.4292	184.2809	78.5823	74.0961
"ND593"	3072.6983	NA	76.6181	36.3868	181.8996	82.0788	103.0426
"ND594"	3114.6498	NA	79.1229	36.4292	177.8103	86.8923	1566.0123
"ND597"	3194.9017	NA	78.9133	38.5172	178.774	86.3598	82.0037
"ND600"	2806.9501	NA	78.6986	35.1401	180.2434	84.0488	27188.3785
"ND602"	2965.3608	NA	78.8615	37.3691	179.3665	82.1229	224.3935
"ND603"	3269.8561	NA	78.4278	42.1279	179.2849	84.2918	34.9553
"ND604"	3226.7008	NA	78.3272	36.1197	181.6074	86.0726	92.0715
"ND611"	3076.5704	NA	77.1115	38.3691	180.0507	75.8229	39.2525
"ND616"	3144.856	NA	76.0397	35.3401	181.0809	86.8135	50.7939
"ND617"	3301.3926	NA	79.8984	36.4026	181.8326	81.252	32.5471
"ND622"	3196.1755	NA	79.6549	35.5168	181.3891	87.3549	21.0134
"ND640"	3051.689	NA	79.0053	35.0161	182.789	91.5938	117.6018
"ND650"	3002.236	NA	79.812	37.4063	183.3707	81.3592	43.6512
"ND652"	3162.2878	NA	78.9801	38.4063	182.293	86.8462	62.3078
"ND653"	3285.1266	NA	77.757	36.4063	181.5449	83.3984	42.671
"ND655"	3312.8477	NA	79.9445	36.4063	181.0886	85.416	57.5007
"ND656"	3126.5272	NA	80.2331	NA	180.6162	92.9413	461.1393
"ND657"	3060.1771	NA	78.5027	NA	181.0075	86.8645	44.5411
"ND658"	3122.1361	NA	79.712	37.4063	178.6063	94.4994	10718.4799
"ND659"	3369.8172	NA	76.8963	NA	181.4496	86.2413	177.6423
"ND660"	3227.2022	NA	79.2542	NA	181.5051	88.8413	75.5297
"ND662"	3241.8348	NA	78.1927	NA	181.1277	83.5205	222.881
"ND672"	3307.8927	NA	79.1094	NA	181.363	79.9942	32.4021
"ND674"	3253.6911	NA	80.3418	NA	180.2868	85.2874	63.1163
"ND681"	3221.5901	NA	78.768	36.7939	180.9368	93.5246	265.382
"ND682"	3193.4251	NA	79.9628	37.7939	180.9368	93.096	289.3153
"ND686"	3435.3327	NA	79.6995	NA	179.186	84.2324	147.9102
"ND688"	3126.0342	13.5617	78.4179	35.4484	181.6212	80.6793	9.1728
"ND691"	3537.4877	13.5503	77.572	33.4429	183.3037	90.7	105.1964
"ND692"	3261.5778	14.4948	79.2802	34.4729	183.0644	89.9084	109.2455
"ND704"	3364.2916	14.2617	79.7512	35.4916	179.9581	83.4426	160.2641
"ND705"	2939.3484	15.4695	82.6076	35.1291	181.0627	95.8298	18.0381
"ND706"	3353.8955	14.5695	77.1013	35.0291	180.7294	81.1239	94.6651
"ND709-9"	3253.1299	14.5381	80.3021	38.6477	180.2867	84.7259	20.8064
"ND721"	3319.4564	15.2018	81.1802	37.6477	180.1867	87.8774	88.077
"ND726"	3396.8329	14.7109	82.5396	37.1477	178.8534	92.1198	356.0651
"ND729"	3363.1226	14.3648	81.6999	34.0013	180.9686	95.3182	249.1999
"ND739"	3421.239	14.153	81.2355	39.3154	179.1678	84.9926	107.5929
"ND740"	3650.2109	13.5326	80.7952	39.1254	178.7555	78.5338	171.5329
"ND742"	3172.2967	15.0826	80.0952	36.1754	180.0055	80.6766	282.4972
"ND743"	3181.3967	14.8492	80.4238	36.5754	179.3388	88.3195	261.626
"ND744"	3576.7919	14.153	81.712	38.2821	178.8821	81.522	89.951
"ND749"	3377.4155	14.6196	80.4591	41.1487	179.8106	85.9337	77.1506
"ND750"	3423.2096	15.1196	81.0591	38.6487	180.4535	86.7573	59.7349
"ND751"	3402.2809	14.6417	80.6162	39.6312	182.2904	88.5258	414.4594
"ND801"	3548.0323	14.6517	81.5533	37.7979	180.2259	86.0973	62.0129
"ND819"	3597.4962	14.559	79.1373	37.8688	178.9158	78.4615	86.0686
"ND820"	3708.1863	14.9208	81.4205	38.4145	179.0078	82.5993	13.7453
"ND821"	3677.0192	14.6732	81.0219	39.1688	180.0067	84.7	99.3904
"ND822"	3580.1898	14.3208	80.5205	38.0545	179.3703	90.0458	54.7208
"ND823"	3827.25	14.3018	81.8143	39.1188	179.9704	86.6384	305.3828
"ND824"	3516.8577	14.2841	82.0727	36.1116	179.9548	85.7588	56.7494
"ND828"	3490.4577	14.8441	81.2193	38.0449	182.1932	85.0121	92.568
"ND830"	3369.035	14.7427	80.5265	35.8565	178.6524	81.8225	94.645
"ND833"	3103.4422	15.2518	81.8194	36.8065	176.6381	80.4297	17.8278
"NDHRS11-0244-0001"	3554.5879	13.5414	78.1882	33.9741	181.6864	76.4729	77.612
"NDHRS12-1031-0007"	3344.5661	14.0126	79.0494	39.0272	180.6495	80.5287	24.5561
"NDHRS13-0100-C01"	3791.6565	13.4594	78.8573	35.2209	180.084	81.1894	36.0179
"NDHRS14-0134-C03"	3879.0046	14.0729	77.9239	36.0591	180.1419	77.246	36.1806
"NDHRS14-0134-C09"	4224.6635	13.2485	77.3397	33.875	181.4342	79.2609	41.8928
"NDHRS15-0006-C46"	3797.3396	14.0602	78.8742	35.925	180.244	75.1269	34.7446
"NDHRS16-12-19"	3494.6422	14.5245	79.898	36.4315	179.7095	84.1868	59.7169
"NDHRS16-12-31"	3357.0565	14.4972	81.5837	38.0565	179.1238	83.8368	15.889
"NDHRS16-12-52"	3157.6208	15.7881	78.3408	36.2815	180.7095	82.5511	15.889
"NDHRS16-13-13"	3568.7047	14.7437	78.7439	38.79	181.6276	85.5277	83.3955
"NDHRS16-13-29"	3467.5781	14.313	80.6189	37.065	180.943	83.7527	43.4319
"NDHRS16-13-89"	3323.0781	14.3745	80.0814	33.79	178.1046	78.7215	8.0256
"NDHRS16-13-97"	3504.5719	14.2839	80.1158	39.1863	181.0239	83.2321	9.1832
"NDHRS16-14-36"	3604.6456	14.1951	80.6459	34.5826	179.8201	83.7068	142.8376
"NDHRS16-14-41"	3597.8519	14.1798	80.4519	31.9988	183.4085	79.4218	31.3564
"NDHRS16-15-320"	3330.8237	14.0062	79.7221	36.8242	180.5638	80.5857	143.3715
"NDHRS16-16-654"	3416.1737	14.1153	77.9507	37.4742	180.9638	80.9786	148.9805
"NDHRS16-16-678"	3246.4665	14.7244	78.0007	36.5242	181.1995	80.8	66.5472
"NDHRS17-0149-C17"	3627.2198	14.2345	80.6799	35.0292	180.3621	80.8287	16.0357
"NDHRS17-0346-B11"	3529.8723	13.7555	79.3809	34.7292	179.7095	NA	49.61
"NDHRS18-0039-B081"	3547.155	12.8569	77.0868	NA	183.4098	79.921	16.2378
"NDHRS18-0069-B066"	3679.0133	14.0031	79.4868	NA	180.2098	81.121	204.4222
"NDHRS18-0187-C042"	3816.555	14.0492	80.333	NA	178.7007	78.398	116.8614
"NDHRS18-6306-C01"	3246.255	14.28	79.2637	NA	180.1007	81.798	45.0179
"NDSW0217"	3070.7584	12.0872	78.7224	36.4066	180.2719	92.6304	504.5117
"NDSW0246"	3220.0378	14.8336	79.617	38.5567	182.1091	92.4498	52.3087
"NDSW0345"	2838.9116	13.9927	77.3345	37.4876	184.3926	93.9137	586.0075
"NDSW0347"	3425.8271	14.2972	79.0412	35.2566	181.1386	79.9429	11.7365
"NDSW0348"	3348.5321	13.6977	75.7106	34.5416	180.7874	76.4414	146.7243
"NDSW0350"	2766.0196	14.1613	76.3731	37.4083	181.3588	78.1081	109.1266
"NDSW0430"	3579.5745	13.8554	80.6391	36.9059	180.8399	80.6701	85.1229
"NDSW0481"	3295.0859	14.483	78.5819	34.8809	181.5818	84.3558	230.8766
"NDSW0501"	3551.8277	14.1935	80.2619	34.6415	180.384	92.8314	333.6004
"NDSW0601"	3400.8837	14.2035	77.6104	37.7282	182.8704	77.5884	32.8732
"NDSW0612"	3268.6264	14.0862	77.8542	36.2566	184.1654	79.7744	26.6333
"NDSW0701"	3308.2819	13.6897	77.3353	34.863	180.7426	76.283	68.8486
"NDSW0702"	3631.6193	13.4727	74.0013	39.0424	182.1184	82.3604	35.3592
"NDSW0703"	3581.7242	13.6127	73.799	39.4709	181.9518	81.7196	23.1146
"NDSW16027"	3242.219	14.4769	79.3992	33.9076	182.4355	90.6837	148.4257
"NDSW703"	3305.7331	14.0239	73.0476	NA	181.9929	80.4129	NA
"NE-108-46"	3624.1306	13.1043	78.0892	38.6185	180.5387	75.2586	134.751
"NE-188-24"	3592.2256	13.1679	75.6492	36.4685	182.3721	76.6086	90.06
"NEEPAWA"	2737.605	NA	77.0783	33.0539	181.4274	96.7229	473.1698
"NEWANA"	2873.3219	NA	78.5445	NA	183.6495	78.816	116.6232
"NH027"	3768.1805	14.4571	80.7369	38.5221	182.0046	82.9746	16.0131
"NH056"	3833.2856	14.0588	81.6259	35.7326	181.8893	83.4145	10.9188
"NH057"	3862.379	14.3224	81.5192	36.5576	181.5355	83.4376	11.7899
"NH058"	3855.199	13.7315	78.6392	36.8076	180.7278	78.853	17.3052
"NH069"	3486.0661	13.9217	79.116	34.3272	181.4695	85.9454	346.8641
"NHS74183"	3107.7579	NA	76.2413	36.0683	178.9233	76.3127	13.7518
"NHS751001"	3257.4434	NA	77.6367	33.6445	184.8253	79.3675	84.1595
"NK69I157"	2327.4815	NA	72.1937	NA	179.9072	74.2302	30.3223
"NK70Y14"	3064.4296	NA	78.1729	38.8039	179.3025	76.3921	44.9779
"NK75S2631"	3136.2408	NA	76.3671	34.3737	185.0998	84.7839	276.6223
"NK75S2634"	3228.162	NA	76.8234	35.3737	184.7998	80.4595	430.7198
"NK75S5511"	3206.0261	NA	78.6258	37.5897	180.7915	80.0371	45.4886
"NK75S5511-4"	3041.0892	NA	78.1623	36.2774	181.5279	80.4338	1.5256
"NK75S5513"	3058.5418	NA	78.3306	NA	180.3608	76.4296	246.8539
"NK77S4342"	3053.4247	NA	78.2209	38.4103	182.5902	83.124	70.4624
"NK77S4374"	3188.4748	NA	78.7379	40.0292	179.575	73.2973	30.3595
"NK77S8002"	3130.5119	NA	78.0259	36.8548	180.6197	76.9996	81.1887
"NORANA"	3007.5461	NA	76.7927	34.466	183.819	80.8152	26.7466
"NORDEN"	3559.6404	14.0285	81.0137	35.4282	181.6165	76.4951	13.0871
"NORLANDER"	3387.5836	NA	77.6546	NA	178.3138	75.2618	12.7392
"NORM"	3205.4327	NA	77.8732	44.4063	181.2467	81.3428	48.7702
"NORPRO"	3534.37	14.0031	78.5575	37.7354	181.0467	75.4009	11.6923
"NP11100245-26"	3565.279	13.6769	80.1992	33.8326	180.5432	73.5606	29.6148
"NP11100267-10"	3393.4523	13.886	77.8925	34.0826	179.7201	72.4606	27.4268
"NP11100273-23"	3881.1523	13.6497	79.6659	35.8326	179.4047	71.5991	34.5284
"NP12100434-20"	3360.0808	14.2062	79.3936	36.0242	182.0781	74.5429	10.9596
"NP12100509-2"	3513.9808	14.0335	78.8936	37.3742	179.6281	76.2143	45.3381
"NP12100602-18"	3529.9256	14.286	80.7192	34.9826	179.8893	73.0837	8.6731
"NP12100660-3"	3298.238	14.3517	78.465	33.9242	180.8138	74.7857	16.0865
"NP13DD10116019"	3264.2165	14.0335	79.1936	32.2242	179.3567	74.2214	40.4076
"NX95-5160"	3307.0446	13.5867	77.495	41.1416	182.6009	73.8543	25.4001
"OKLEE"	3428.6164	14.3462	81.3546	38.4335	178.3485	81.1212	42.7703
"OLAF"	2999.7301	NA	77.1278	41.7246	182.2898	82.3403	47.4598
"OXEN"	3564.0861	NA	78.5777	NA	178.8003	76.6207	64.5865
"PARSHALL"	3404.3715	14.4837	81.0328	34.9829	180.1024	90.7125	29.4217
"PH984-045"	2604.7272	NA	70.9384	NA	182.4496	75.8913	11.5833
"PH986-61"	2752.8001	NA	75.3154	45.7939	177.4368	68.3817	54.4969
"POLK"	2589.6959	NA	79.2519	NA	183.276	97.1223	22278.6076
"PR2369"	3117.109	NA	78.9623	36.3207	181.661	78.1569	61.5214
"PREVAIL"	3774.4864	13.8691	79.3468	35.6676	179.5617	79.5044	24.9581
"PROSPECT"	3352.1267	NA	78.5677	36.5257	181.0235	80.8889	35.5593
"PROSPER"	3735.0464	13.2891	78.8558	39.3396	182.3387	82.4282	267.4245
"PROTOR"	3081.8923	NA	78.0157	38.766	180.0917	77.7243	56.9954
"PT436"	3273.0906	14.4434	78.3992	37.0935	180.1499	88.5086	160.1518
"PT472"	2959.7165	15.12	77.8279	37.9176	179.4136	97.4781	53.7705
"RB07"	3594.0719	14.2328	79.842	34.8645	179.1037	76.4488	23.3068
"RED_RIVER_68"	2817.9602	NA	78.7546	NA	178.1208	80.6886	378.345
"REEDER"	3460.2367	14.2985	79.9253	37.4044	180.271	82.5647	28.3848
"RH_HYBD_1"	3386.1592	NA	77.4447	36.9211	180.7519	80.0194	32.0483
"RH_HYBD_2"	3495.3819	NA	78.2018	34.2511	179.5947	80.4479	27.4877
"RH_LINE"	3443.5319	NA	75.9161	36.7961	182.0709	79.7813	113.7117
"RH833498"	3326.4799	NA	78.8065	36.3691	180.7876	90.9029	322.2204
"RH841246"	3690.456	NA	78.7927	35.3201	179.5934	83.0135	37.7781
"RL4220"	2836.1986	NA	76.9262	NA	182.3967	102.3473	1810.8732
"RL4238"	2427.2615	NA	76.3927	31.666	181.3645	95.0879	2055.807
"RL4314"	2775.3192	NA	76.2623	31.0774	182.1749	94.1638	857.9155
"RL4352"	2584.2771	NA	77.514	33.1737	185.0664	99.2702	59.2456
"RL4788"	3101.6132	14.0945	79.8326	41.0791	179.1294	93.6533	207.1047
"RL4958"	3046.2038	15.2826	78.6478	42.3254	180.0888	83.4624	8.2733
"ROLLAG"	3290.587	14.5029	80.2815	35.8709	180.6585	74.29	10.4168
"RUSH"	2992.3896	14.4772	81.5849	35.7566	178.6052	78.3179	5.8822
"RUSS"	3533.4142	NA	78.5382	37.7939	179.2285	84.8045	145.0012
"S6579"	2897.3302	NA	76.8284	NA	181.1285	92.479	1131.185
"S659"	2961.6935	NA	78.4413	NA	182.4849	97.5601	3753.59
"S6694"	2984.7192	NA	78.1063	NA	181.2811	98.8782	107907.0612
"SABIN"	3876.3774	14.0711	79.7448	35.9809	181.3237	79.7558	276.158
"SAMSON"	3646.2806	13.9834	78.7692	35.6935	180.1499	70.4586	60.191
"SBE0444"	3552.3926	NA	77.9411	NA	179.6154	82.5032	71.379
"SBF0402"	3484.7315	14.4411	79.5287	37.9762	180.0039	77.8143	16.6595
"SBT428"	2851.1983	NA	77.407	38.6368	181.8996	90.4494	123.8845
"SCARLETT"	3040.6877	13.6281	75.2138	39.7104	180.9432	81.2244	76.6597
"SCHOLAR"	2975.8959	14.1349	78.6589	35.4854	182.0496	91.1236	2370.8629
"SD0005"	3593.0189	NA	78.7744	NA	185.1154	79.9243	39.3765
"SD0007"	3431.1946	NA	78.6329	NA	182.7123	77.0324	18.0925
"SD0014"	3398.5851	NA	78.4424	NA	179.9229	77.7824	29.512
"SD2256"	2990.4811	NA	78.5733	40.0774	183.1749	97.5569	2929.3944
"SD2271"	2914.4574	NA	76.8504	37.765	178.6012	85.909	173.6468
"SD2288"	2790.0986	NA	77.7327	34.265	179.8234	76.8376	174.1845
"SD2355"	2938.4552	NA	76.1694	33.0195	184.0201	95.5288	639.8886
"SD2358"	2711.2106	NA	77.3071	NA	183.4377	93.0096	240.6184
"SD2700"	2628.6076	NA	78.019	38.2799	179.8644	83.4008	22.0082
"SD2835"	2668.4076	NA	78.3261	37.2799	178.4798	90.1108	1748.1761
"SD2854"	3032.0471	NA	75.9669	36.3068	180.3392	88.6358	48.9582
"SD2860"	2886.8232	NA	76.599	32.1028	180.868	84.6286	24.2184
"SD2861"	3019.2173	NA	76.6137	40.1668	178.3218	78.9582	219.0904
"SD2870"	2483.3504	NA	78.9404	34.7799	179.6336	88.8093	2038.2237
"SD2881"	2951.5548	NA	79.0279	38.0292	179.3986	91.4423	2866.1253
"SD2903"	2931.0798	NA	79.6029	35.4292	177.2221	92.1323	3124.6054
"SD2912"	3078.3299	NA	77.857	36.1368	180.3113	80.5965	103.0426
"SD2925"	3013.6878	NA	76.5237	35.6368	179.8407	85.2494	107.8989
"SD2961"	3578.1492	NA	78.8794	40.9026	178.4992	84.7257	325.4712
"SD2962"	3201.6841	NA	79.7406	39.658	178.0259	88.7311	246.6644
"SD2968"	3306.7034	NA	78.1677	39.5086	181.0931	81.424	263.796
"SD2990"	3216.3783	NA	80.127	34.4026	177.1103	84.8836	1102.8402
"SD2999"	3158.086	NA	77.2599	36.0811	177.5165	85.7088	91.0548
"SD3000"	3183.3181	NA	78.3406	35.9911	180.2993	92.1927	191.2165
"SD3005"	3095.2695	NA	78.5803	36.4128	176.927	86.9389	612.0016
"SD3014"	3113.1763	NA	78.3503	36.4063	181.1142	92.2242	500.3409
"SD3026"	3064.9266	NA	78.377	40.4063	179.3958	86.7184	638.4593
"SD3032"	2985.0361	NA	79.412	41.4063	178.0273	91.2914	955.2855
"SD3036"	3055.5318	NA	79.4582	38.4063	178.7733	90.8799	1094.4419
"SD3052"	3091.2922	NA	78.9173	NA	178.5051	85.5413	833.6332
"SD3053"	3266.1222	NA	78.8331	NA	178.2273	83.2913	123.7096
"SD3055"	3401.0899	NA	79.6432	NA	178.5218	84.326	55.2197
"SD3056"	3382.1001	NA	79.1534	42.6939	178.6061	85.3622	35.0309
"SD3080"	3219.9295	NA	81.9149	NA	177.4806	85.9942	108.5358
"SD3151"	3196.2286	14.7017	79.7773	37.4484	177.4748	81.6296	53.7943
"SD3161"	3608.5942	13.6417	80.9402	36.4484	177.0329	82.4162	74.7507
"SD3164"	3353.2192	14.4617	81.9068	39.4484	178.3271	81.5741	52.2468
"SD3165"	3427.3792	14.3617	80.6735	42.4484	176.3271	78.3635	27.5602
"SD3236"	3140.7678	13.9948	79.8802	35.9729	176.9591	85.7084	160.3504
"SD3310"	3460.1324	14.4818	80.803	35.9767	177.9516	86.3639	1101.3755
"SD3345"	3492.0645	14.424	81.8799	37.4335	178.0819	91.596	714.8577
"SD3356"	3538.2426	14.6445	79.4451	34.2291	178.0627	75.3592	22.7086
"SD3407"	3335.7335	13.0276	79.5689	37.6422	178.2344	86.0977	12676.1718
"SD3414"	3383.1099	13.8676	80.8189	35.1422	177.3677	81.4102	195.2037
"SD3496"	3417.913	14.2814	79.9832	36.7013	177.4871	84.7376	95.7554
"SD3506"	3372.6581	14.2064	81.3665	36.068	180.4871	89.544	83.1045
"SD3522"	3403.0499	14.2136	79.7414	35.1532	178.3391	86.5524	132.2181
"SD3533"	3238.839	13.853	80.6179	37.2154	177.8821	87.2867	150.0473
"SD3540"	3491.0983	13.8253	80.0349	36.4296	178.508	85.0333	31.5698
"SD3618"	3544.6666	13.8017	79.6619	38.7645	180.5807	86.7544	87.5955
"SD3623"	3498.2331	13.5863	79.6002	37.4487	178.6678	90.522	138.9616
"SD3635"	3578.7095	13.2617	79.3076	36.7312	179.8388	88.4116	391.2749
"SD3641"	3463.8906	14.1704	79.8837	37.5067	177.1091	81.3109	78.1962
"SD3668"	3359.5709	14.1272	79.8537	38.0566	178.0719	88.0054	5045.1171
"SD3746"	3616.8709	13.3072	76.8224	37.8066	180.7386	82.5054	117.3648
"SD3747"	3589.4771	13.2472	77.3599	35.4566	178.7386	76.1929	15.3534
"SD3854"	3645.3571	13.5431	81.8169	36.8083	177.9303	85.4414	232.5423
"SD3868"	3907.6618	13.2483	78.5459	38.4998	179.96	87.775	125.4622
"SD3870"	3722.0571	14.1795	79.7669	36.0749	179.0017	89.2747	406.7795
"SD3942"	3796.7531	13.1835	80.3855	34.2932	176.8722	77.8188	93.424
"SD3943"	3773.4631	13.2473	80.3562	34.9684	177.0979	81.2987	107.1634
"SD3944"	3746.5974	13.513	79.8048	35.5934	177.7754	83.8415	415.8488
"SD3956"	3589.5717	14.1735	80.8122	35.4932	176.6414	82.2854	282.1358
"SD4001"	3534.3506	13.6579	80.3492	34.3685	180.1499	82.7086	33.8479
"SD4011"	3428.687	14.5445	78.6057	35.8995	178.9102	78.4625	21.5337
"SD4024"	3495.9269	13.604	80.0471	36.7697	181.7147	73.6114	11.9719
"SD4027"	3484.2677	14.0435	79.6819	36.1415	175.7147	84.0181	55.3639
"SD4036"	3596.1277	13.6235	76.5219	34.3415	178.4378	71.3981	4.605
"SD4073"	3645.3277	13.5535	75.8686	35.1081	181.5147	83.4714	18.3327
"SD4076"	3443.3193	14.136	80.2363	39.9281	177.4184	77.3809	11.5848
"SD4112"	3624.5658	13.8329	79.5959	37.5709	178.3168	81.6251	14.3283
"SD4165"	3519.2148	14.4021	79.1516	NA	179.1581	77.0091	NA
"SD4189"	3740.0271	13.8527	79.4635	35.6176	179.9688	86.0819	314.2033
"SD4199"	3359.9291	13.7187	79.5373	NA	176.9081	78.9258	NA
"SD4213"	3559.3005	14.2521	77.6516	NA	180.7414	87.7091	NA
"SD4215"	3504.3238	13.7861	79.5105	NA	179.9398	74.3862	NA
"SD4250"	3500.6457	15.0096	79.9281	NA	181.548	85.0439	NA
"SD4313"	2924.6011	15.12	81.4824	37.2676	179.1409	89.3081	92.019
"SD4321"	3233.355	15.4867	78.0733	36.3676	179.0772	84.8881	92.019
"SD4393"	3762.9495	14.4129	80.5227	34.052	179.397	77.5125	19.022
"SD4403"	3536.1156	14.4406	80.0652	32.1352	181.3964	82.5843	6.1704
"SD4465"	3617.8751	13.835	79.6376	35.1278	179.3539	80.9312	8.5198
"SD4471"	3801.9654	13.9447	79.2604	35.7688	179.0158	81.6	12.8779
"SD4492"	3745.6962	14.3447	81.8066	39.2188	178.2613	85.5846	64.5423
"SD4496"	3470.0039	14.3447	81.0373	37.6188	179.3886	86.2846	8.6069
"SD4529"	3539.9567	14.6869	80.5418	41.4133	179.6086	87.2482	39.1309
"SD4539"	3667.5825	14.3981	79.4857	34.5078	180.7589	87.4201	42.7
"SD4546"	3505.0269	14.1613	80.8894	36.7478	177.0389	85.1904	33.4012
"SD4579"	3569.3973	14.5823	80.1487	32.5878	179.7439	83.5719	8.0124
"SD4706"	3753.9056	13.671	79.1891	37.1939	176.4969	85.0175	90.0483
"SD4708"	3565.1164	13.9012	80.3081	38.9697	179.3508	84.4568	24.9072
"SD4719"	3701.4985	13.6103	80.2564	35.9531	181.4969	85.6012	38.7251
"SD4721"	3585.0672	14.1346	78.982	40.1939	179.3276	77.5103	93.5712
"SD4772"	3769.1961	13.8339	79.348	32.9213	178.4201	76.8862	68.8931
"SD4775"	3665.4345	13.7439	78.6864	36.1213	183.0662	81.3771	24.4442
"SD4816"	3765.073	13.5939	79.8018	34.1713	182.6816	80.2226	6.1401
"SD4852"	3443.5022	14.3881	79.6507	32.1242	179.4281	79.6143	59.3102
"SD4894"	3511.1508	14.293	79.5748	32.5564	178.4476	81.8876	69.1551
"SD4904"	3713.0163	13.8958	78.1347	37.7252	181.4953	80.5633	17.8808
"SD4905"	3807.2994	14.2196	79.0344	36.5241	179.5647	79.5191	19.4953
"SD4915"	3600.2665	14.1426	77.1364	34.1742	179.2424	77.8143	16.0865
"SD4930"	3955.9415	13.0531	77.7037	31.775	181.6994	79.0466	28.9827
"SD4934"	3352.9411	13.5035	79.241	33.3272	182.4895	76.3454	30.9143
"SD4944"	3667.1514	14.2055	78.1718	31.0292	185.7995	NA	39.4066
"SD4949"	3352.5423	15.0011	80.2144	33.7209	182.5379	84.7823	9.4012
"SD5072"	3424.3196	14.2155	78.8172	33.5292	181.9095	NA	33.1565
"SD5080"	3348.665	13.8655	80.6354	29.9292	181.6495	NA	33.1565
"SD5082"	3450.0466	14.0107	82.0407	NA	180.3917	76.1441	7.1349
"SD5090"	3836.8715	13.9302	81.1716	33.5292	181.4668	76.3287	40.2799
"SD5096"	3945.6383	13.78	78.5483	NA	180.9007	73.3133	9.593
"SD5103"	3873.455	14.0261	80.5791	NA	181.5644	78.898	12.8982
"SD5119"	3569.805	13.6184	80.0637	NA	182.3735	67.2133	12.4808
"SD5131"	3704.8466	14.2569	80.1483	NA	181.1189	80.3903	56.6742
"SD8036"	3144.3981	NA	79.9272	37.4308	179.2559	83.1213	263.796
"SD8052-1"	3301.6592	NA	78.159	39.1361	179.7852	90.7337	143.1545
"SD8070"	3324.4118	NA	79.9928	38.7939	178.4428	85.5394	28.2938
"SD8072"	3508.5349	NA	79.5673	39.7939	178.2662	84.8893	193.3622
"SD8074"	3337.8401	NA	79.3881	35.7939	177.1438	86.3226	60.2174
"SD8088"	3185.4292	13.3159	79.1918	33.4484	179.4447	90.153	1279.2299
"SD8089"	3472.666	13.2542	78.1481	34.3607	179.7717	88.1302	870.5873
"SD8108"	3391.1139	13.8907	80.5618	34.5187	177.7768	87.5593	242.6087
"SD8119"	3560.15	14.051	78.8655	36.0367	179.5652	85.9639	340.3576
"SDM50005"	3294.0085	13.9492	78.2989	37.9508	182.8911	82.7608	16.0668
"SELECT"	3529.9135	13.7461	81.0614	36.0711	176.8467	82.8791	38.6227
"SELKIRK"	2386.8866	NA	74.1955	36.9381	182.1981	95.692	1167.6637
"SHARP"	3239.0489	NA	81.1062	39.1968	177.829	87.7952	368.3456
"SHARPSHOOTER"	3219.957	14.1367	81.1764	39.9916	179.5115	86.1554	201.7606
"SHELLY"	4148.7255	13.4599	79.6587	36.552	182.884	73.2845	1.5655
"SHIELD"	3126.028	NA	78.1078	39.1249	177.8779	90.3968	368.5235
"SONJA"	3577.5247	NA	77.5638	38.7939	180.3724	72.6476	36.9167
"STEELE-ND"	3482.4916	14.6986	80.1473	37.6238	180.7557	85.047	108.9202
"STOA"	3283.4337	14.618	77.839	34.8396	181.3962	92.8189	183.9517
"SURPASS"	4018.2535	13.907	79.3907	34.002	178.3144	81.1165	87.2559
"SWP965-001"	2902.6543	15.5445	77.6263	39.4291	179.7961	93.5357	394.6298
"SY-ROWYN"	3637.4597	13.6375	79.8776	31.6506	180.0894	72.434	12.1293
"SY-SOREN"	3482.5118	14.5692	79.3046	33.7697	180.3526	72.1963	6.9471
"SY-VALDA"	3772.8242	13.8422	79.1915	37.1176	180.85	73.4681	24.9581
"SYMCCLOUD"	3739.5993	14.5245	80.8265	38.1065	180.4095	78.1868	8.9351
"T1052"	3072.5446	14.5117	78.3012	41.7916	179.0295	76.5014	27.1274
"T1105"	3028.4582	13.5198	77.2677	33.6729	186.299	78.0484	22.8956
"T801.93"	3402.1895	13.5349	78.066	44.3187	181.016	78.0633	28.2081
"TARA_2002"	3221.2468	13.6907	76.9132	39.8335	178.8152	80.0809	435.3464
"THATCHER"	2283.8797	NA	75.2919	NA	181.6829	95.9861	3961.7589
"TOM"	3632.5578	14.3546	80.3915	41.1676	180.6242	82.1921	835.1208
"TR983-239"	3174.397	NA	77.8489	49.7939	178.6035	76.3315	35.9618
"TRAVERSE"	3882.6609	13.3594	77.2572	38.1276	179.3484	85.64	49.0885
"TRENTON"	3287.0658	NA	79.8245	37.7939	180.4995	94.9038	182.1768
"TROOPER"	3390.063	13.7061	78.5267	39.3804	178.9952	71.8062	13.5548
"TX92U2317"	3474.4328	13.4617	75.9262	36.6916	184.8152	79.0308	54.1262
"ULEN"	3419.6355	14.3898	79.6532	36.6013	179.5612	80.2859	112.3037
"UNITY_VB"	3110.9135	14.4421	79.585	35.6096	180.7184	90.6627	500.4932
"VANCE"	3277.8174	NA	77.1851	38.3943	182.9503	81.9352	79.0377
"VANTAGE"	3269.4456	15.1116	81.7042	35.3435	184.3165	76.5086	33.8479
"VELVA"	3719.217	14.0335	78.7437	37.3711	181.605	81.2284	24.3693
"VERDE"	3467.0416	13.7946	78.4639	37.0176	181.9841	78.5415	28.9827
"VIDA"	3041.1704	14.0373	75.8538	35.0476	182.1883	79.9677	82.0459
"W2501"	3353.5322	NA	74.9426	35.4761	180.4562	73.1389	16.0622
"WA007839"	3145.3476	13.8654	77.4896	37.8977	179.7534	75.7259	129.2794
"WA007859"	3051.5775	14.1148	77.1532	42.1346	180.9316	89.8666	253.6531
"WA007875"	3257.1181	13.7659	78.6095	38.6254	179.0055	88.6766	207.8169
"WA007914"	3153.9625	13.4085	78.2649	40.6821	181.6678	86.3455	116.1762
"WA007925"	3358.3295	13.6617	78.8962	34.8979	179.4517	87.4687	155.7694
"WA007931"	3422.8209	12.9867	77.9933	35.2645	182.5484	88.4401	43.0674
"WA007957"	2647.3759	12.9886	73.4419	35.8416	181.5731	87.3581	495.5339
"WA007998"	3711.6206	14.047	76.8592	40.3185	178.6499	78.2086	284.7947
"WA008013"	3324.9531	14.4035	79.8989	44.2682	180.7184	95.2854	1123.203
"WA6307"	3029.6706	NA	76.4312	34.8774	186.0573	77.1937	1.1662
"WA6389"	2905.1664	NA	74.9553	33.5897	186.0164	76.0615	42.623
"WA6510"	3044.1548	NA	76.4523	33.8774	183.7043	75.5779	65.581
"WA6511"	2958.6759	NA	75.9786	34.6774	186.5867	78.4358	7.6462
"WA6756"	3181.8361	NA	75.3047	36.2799	183.8644	87.1136	91.0441
"WA6758"	3282.0218	NA	75.7975	32.7799	186.7875	78.6051	9.1044
"WA6865"	2514.1811	NA	74.9601	31.1028	180.9857	69.4063	325.6248
"WA6870"	2763.9021	NA	73.7228	34.7695	182.868	73.0397	117.452
"WA6922"	2805.9555	NA	74.4706	33.077	182.1491	80.4915	215.0665
"WA6923"	2736.2683	NA	72.9417	33.8548	181.5608	80.8618	1157.023
"WA7075"	2982.5487	NA	74.124	36.0711	182.0178	79.1835	117.9741
"WA7182"	2170.4713	NA	71.4166	30.0308	181.7562	81.4828	123.7932
"WA7185"	2730.7613	NA	75.2947	32.5308	181.5617	73.1456	89.0922
"WA7328"	3152.0033	NA	73.9076	38.8711	181.9466	83.548	47.6196
"WA7329"	3058.578	NA	74.4369	37.3968	182.9518	86.0101	59.7979
"WA7330"	2562.4878	NA	69.658	37.4026	181.4992	79.831	220.0456
"WA7493"	3252.2235	NA	75.612	41.4063	179.704	77.3878	96.7055
"WA7494"	3201.261	NA	75.6353	38.4063	179.2226	75.7412	62.3078
"WALDRON"	2770.3283	NA	76.4245	37.1261	180.4094	93.6899	136.475
"WALWORTH"	3603.1949	14.1065	79.406	36.0884	178.701	83.1412	960.9362
"WASKADA"	3103.0931	14.4835	80.6522	36.0932	180.7184	94.0188	447.1552
"WB-DIGGER"	3682.7374	13.9274	78.1347	38.998	181.4146	78.567	28.6602
"WB-LYN"	3466.3864	13.8635	76.5589	34.2432	184.3337	78.0188	17.0004
"WB-MAYVILLE"	3147.693	14.5351	78.6514	38.6313	179.5708	68.2281	6.4162
"WB-PIVOT"	3458.2821	14.5431	75.5794	35.0416	181.7874	65.9414	16.7357
"WB9209"	3594.95	13.8779	80.3148	34.8506	181.0374	79.0715	4.0965
"WHEATON"	3233.427	NA	76.4653	37.3255	181.5312	76.23	80.8429
"WI262T"	2784.41	NA	75.8386	NA	180.141	78.7098	175.6823
"WIS271"	2892.1398	NA	76.4494	35.4039	180.6738	79.8101	81.4944
"WORLD_SEEDS_1809"	2951.0246	NA	77.4466	32.8039	177.6596	71.7254	103.9047
"WORLD_SEEDS_1812"	2664.1548	NA	78.3537	NA	179.8303	75.4051	303.2227
"WRC-80-3"	3097.3489	NA	76.8065	37.1191	181.7876	82.8379	132.568
"WRC80-32"	3184.3036	NA	77.8681	37.1368	179.429	83.6965	123.8845
"WRP-8-1"	3119.1555	NA	77.9285	35.5215	178.8844	76.6996	37.2421
"WRP-8-30"	3088.3478	NA	78.2917	37.077	178.5314	77.1267	46.0619
"WSMP122"	2956.8922	NA	75.2977	34.4364	185.492	84.8065	64.1883
"WSMP54B"	3112.6543	NA	79.56	NA	181.4377	83.9829	172.5379
"X6718"	3089.3296	NA	76.6008	37.3737	180.916	83.2661	69.4844
"X6753"	3110.5248	NA	77.1779	32.7737	182.2071	80.3001	50.5156
"X7993"	3070.8074	NA	77.4847	38.6284	183.3591	97.8148	139.324
"X9882"	2975.3798	NA	76.7729	39.4292	181.2221	80.9323	67.9665
"XW371"	3160.4222	NA	77.1384	NA	181.1162	79.9413	7.553
"XW397A3"	3483.6801	NA	77.9944	37.7939	181.3812	79.6198	17.2334
"XW398A4"	3541.5159	NA	77.9418	39.7939	182.2285	78.5842	75.7232
"ZEKE"	3124.7789	13.2531	75.3732	41.6354	178.8398	77.7244	50.2613
